INSERT INTO `ADDRESSES` (`ID`,`COUNTRY`,`STREET`,`CITY`,`NUM`,`ZIP_CODE`)
VALUES
  (1,"Serbia","Vizantijski bulevar","Beograd","0","11000"),
  (2,"Serbia","Nikole Pasica","Nis","61","18000"),
  (3,"Serbia","Julijana Djupona","Novi Sad","85","11000"),
  (4,"Serbia","Julijana Djupona","Nis","1","11000"),
  (5,"Serbia","Bulevar Cara Konstantina","Beograd","26","21000"),
  (6,"Serbia","Knjaza Milana","Nis","51","18000"),
  (7,"Serbia","Bulevar Nikole Tesle","Nis","364","11000"),
  (8,"Serbia","Nikole Pasica","Novi Sad","5","21000"),
  (9,"Serbia","Bulevar Cara Konstantina","Nis","0","18000"),
  (10,"Serbia","Julijana Djupona","Novi Sad","550","18000");
INSERT INTO `ADDRESSES` (`ID`,`COUNTRY`,`STREET`,`CITY`,`NUM`,`ZIP_CODE`)
VALUES
  (11,"Serbia","Vizantijski bulevar","Nis","6","18000"),
  (12,"Serbia","Mihajla Pupina","Novi Sad","14","11000"),
  (13,"Serbia","Nikole Pasica","Beograd","69","11000"),
  (14,"Serbia","Knjaza Milana","Nis","1","21000"),
  (15,"Serbia","Ljutice Bogdana","Nis","151","21000"),
  (16,"Serbia","Cara Dusana","Beograd","22","18000"),
  (17,"Serbia","Knjaza Milana","Nis","7","21000"),
  (18,"Serbia","Bulevar Nikole Tesle","Beograd","76","18000"),
  (19,"Serbia","Nikole Pasica","Nis","407","21000"),
  (20,"Serbia","Bulevar Nikole Tesle","Beograd","7","11000");
INSERT INTO `ADDRESSES` (`ID`,`COUNTRY`,`STREET`,`CITY`,`NUM`,`ZIP_CODE`)
VALUES
  (21,"Serbia","Milutina Milankovica","Nis","859","18000"),
  (22,"Serbia","Nikole Pasica","Novi Sad","84","11000"),
  (23,"Serbia","Ljutice Bogdana","Novi Sad","25","18000"),
  (24,"Serbia","Knjaza Milana","Nis","72","21000"),
  (25,"Serbia","Cara Dusana","Novi Sad","46","21000"),
  (26,"Serbia","Cara Dusana","Nis","53","11000"),
  (27,"Serbia","Bulevar Nikole Tesle","Novi Sad","375","18000"),
  (28,"Serbia","Bulevar Cara Konstantina","Novi Sad","408","11000"),
  (29,"Serbia","Knjaza Milana","Beograd","867","18000"),
  (30,"Serbia","Mihajla Pupina","Novi Sad","01","18000");
INSERT INTO `ADDRESSES` (`ID`,`COUNTRY`,`STREET`,`CITY`,`NUM`,`ZIP_CODE`)
VALUES
  (31,"Serbia","Vizantijski bulevar","Novi Sad","88","21000"),
  (32,"Serbia","Vizantijski bulevar","Beograd","712","21000"),
  (33,"Serbia","Ljutice Bogdana","Beograd","600","18000"),
  (34,"Serbia","Cara Dusana","Novi Sad","32","18000"),
  (35,"Serbia","Bulevar Nikole Tesle","Beograd","17","21000"),
  (36,"Serbia","Bulevar Nikole Tesle","Nis","07","18000"),
  (37,"Serbia","Julijana Djupona","Nis","727","11000"),
  (38,"Serbia","Bulevar Cara Konstantina","Nis","4","11000"),
  (39,"Serbia","Knjaza Milana","Beograd","758","21000"),
  (40,"Serbia","Julijana Djupona","Novi Sad","177","11000");
INSERT INTO `ADDRESSES` (`ID`,`COUNTRY`,`STREET`,`CITY`,`NUM`,`ZIP_CODE`)
VALUES
  (41,"Serbia","Bulevar Cara Konstantina","Novi Sad","089","21000"),
  (42,"Serbia","Bulevar Cara Konstantina","Beograd","5","21000"),
  (43,"Serbia","Nikole Pasica","Nis","9","18000"),
  (44,"Serbia","Knjaza Milana","Nis","1","21000"),
  (45,"Serbia","Vizantijski bulevar","Nis","186","21000"),
  (46,"Serbia","Bulevar Nikole Tesle","Nis","103","18000"),
  (47,"Serbia","Bulevar Oslobodjenja","Nis","8","18000"),
  (48,"Serbia","Bulevar Nikole Tesle","Nis","1","11000"),
  (49,"Serbia","Bulevar Cara Konstantina","Novi Sad","485","21000"),
  (50,"Serbia","Bulevar Cara Konstantina","Novi Sad","3","18000");
INSERT INTO `ADDRESSES` (`ID`,`COUNTRY`,`STREET`,`CITY`,`NUM`,`ZIP_CODE`)
VALUES
  (51,"Serbia","Knjaza Milana","Nis","80","21000"),
  (52,"Serbia","Bulevar Oslobodjenja","Nis","6","18000"),
  (53,"Serbia","Ljutice Bogdana","Novi Sad","6","11000"),
  (54,"Serbia","Bulevar Cara Konstantina","Novi Sad","121","18000"),
  (55,"Serbia","Knjaza Milana","Nis","455","21000"),
  (56,"Serbia","Knjaza Milana","Beograd","9","21000"),
  (57,"Serbia","Vizantijski bulevar","Beograd","5","18000"),
  (58,"Serbia","Ljutice Bogdana","Nis","61","18000"),
  (59,"Serbia","Milutina Milankovica","Novi Sad","6","21000"),
  (60,"Serbia","Bulevar Cara Konstantina","Novi Sad","3","11000");
INSERT INTO `ADDRESSES` (`ID`,`COUNTRY`,`STREET`,`CITY`,`NUM`,`ZIP_CODE`)
VALUES
  (61,"Serbia","Nikole Pasica","Nis","5","11000"),
  (62,"Serbia","Julijana Djupona","Beograd","607","11000"),
  (63,"Serbia","Bulevar Cara Konstantina","Novi Sad","857","21000"),
  (64,"Serbia","Bulevar Nikole Tesle","Beograd","7","11000"),
  (65,"Serbia","Mihajla Pupina","Novi Sad","51","11000"),
  (66,"Serbia","Cara Dusana","Beograd","33","18000"),
  (67,"Serbia","Bulevar Nikole Tesle","Novi Sad","777","21000"),
  (68,"Serbia","Bulevar Cara Konstantina","Novi Sad","27","21000"),
  (69,"Serbia","Mihajla Pupina","Nis","4","18000"),
  (70,"Serbia","Knjaza Milana","Nis","616","21000");
INSERT INTO `ADDRESSES` (`ID`,`COUNTRY`,`STREET`,`CITY`,`NUM`,`ZIP_CODE`)
VALUES
  (71,"Serbia","Cara Dusana","Beograd","512","21000"),
  (72,"Serbia","Cara Dusana","Beograd","6","18000"),
  (73,"Serbia","Bulevar Oslobodjenja","Beograd","87","21000"),
  (74,"Serbia","Milutina Milankovica","Nis","3","11000"),
  (75,"Serbia","Knjaza Milana","Beograd","572","11000"),
  (76,"Serbia","Bulevar Oslobodjenja","Beograd","78","21000"),
  (77,"Serbia","Bulevar Nikole Tesle","Beograd","7","11000"),
  (78,"Serbia","Cara Dusana","Beograd","884","11000"),
  (79,"Serbia","Knjaza Milana","Nis","9","21000"),
  (80,"Serbia","Bulevar Nikole Tesle","Novi Sad","587","11000");
INSERT INTO `ADDRESSES` (`ID`,`COUNTRY`,`STREET`,`CITY`,`NUM`,`ZIP_CODE`)
VALUES
  (81,"Serbia","Bulevar Cara Konstantina","Beograd","7","21000"),
  (82,"Serbia","Cara Dusana","Beograd","347","11000"),
  (83,"Serbia","Nikole Pasica","Beograd","287","18000"),
  (84,"Serbia","Nikole Pasica","Novi Sad","72","18000"),
  (85,"Serbia","Kralja Milana","Novi Sad","769","11000"),
  (86,"Serbia","Milutina Milankovica","Beograd","06","11000"),
  (87,"Serbia","Mihajla Pupina","Nis","873","11000"),
  (88,"Serbia","Nikole Pasica","Novi Sad","264","21000"),
  (89,"Serbia","Bulevar Oslobodjenja","Beograd","8","18000"),
  (90,"Serbia","Vizantijski bulevar","Nis","973","18000");
INSERT INTO `ADDRESSES` (`ID`,`COUNTRY`,`STREET`,`CITY`,`NUM`,`ZIP_CODE`)
VALUES
  (91,"Serbia","Knjaza Milana","Beograd","4","21000"),
  (92,"Serbia","Kralja Milana","Beograd","67","21000"),
  (93,"Serbia","Kralja Milana","Beograd","24","11000"),
  (94,"Serbia","Knjaza Milana","Novi Sad","95","18000"),
  (95,"Serbia","Kralja Milana","Beograd","34","11000"),
  (96,"Serbia","Cara Dusana","Nis","88","11000"),
  (97,"Serbia","Vizantijski bulevar","Novi Sad","585","18000"),
  (98,"Serbia","Bulevar Oslobodjenja","Nis","2","21000"),
  (99,"Serbia","Vizantijski bulevar","Nis","8","21000"),
  (100,"Serbia","Ljutice Bogdana","Nis","78","11000");
INSERT INTO `ADDRESSES` (`ID`,`COUNTRY`,`STREET`,`CITY`,`NUM`,`ZIP_CODE`)
VALUES
  (101,"Serbia","Ljutice Bogdana","Nis","1","18000"),
  (102,"Serbia","Mihajla Pupina","Novi Sad","60","21000"),
  (103,"Serbia","Mihajla Pupina","Nis","025","11000"),
  (104,"Serbia","Vizantijski bulevar","Beograd","8","18000"),
  (105,"Serbia","Ljutice Bogdana","Nis","2","18000"),
  (106,"Serbia","Mihajla Pupina","Nis","47","21000"),
  (107,"Serbia","Knjaza Milana","Novi Sad","75","11000"),
  (108,"Serbia","Milutina Milankovica","Beograd","42","18000"),
  (109,"Serbia","Vizantijski bulevar","Nis","42","11000"),
  (110,"Serbia","Mihajla Pupina","Beograd","6","21000");
INSERT INTO `ADDRESSES` (`ID`,`COUNTRY`,`STREET`,`CITY`,`NUM`,`ZIP_CODE`)
VALUES
  (111,"Serbia","Knjaza Milana","Nis","91","11000"),
  (112,"Serbia","Bulevar Oslobodjenja","Beograd","016","11000"),
  (113,"Serbia","Milutina Milankovica","Novi Sad","5","21000"),
  (114,"Serbia","Mihajla Pupina","Novi Sad","346","11000"),
  (115,"Serbia","Bulevar Cara Konstantina","Novi Sad","98","18000"),
  (116,"Serbia","Nikole Pasica","Beograd","364","11000"),
  (117,"Serbia","Vizantijski bulevar","Novi Sad","87","18000"),
  (118,"Serbia","Bulevar Cara Konstantina","Beograd","82","11000"),
  (119,"Serbia","Bulevar Nikole Tesle","Beograd","773","18000"),
  (120,"Serbia","Kralja Milana","Nis","61","11000");
INSERT INTO `ADDRESSES` (`ID`,`COUNTRY`,`STREET`,`CITY`,`NUM`,`ZIP_CODE`)
VALUES
  (121,"Serbia","Bulevar Nikole Tesle","Beograd","420","11000"),
  (122,"Serbia","Ljutice Bogdana","Novi Sad","446","18000"),
  (123,"Serbia","Vizantijski bulevar","Novi Sad","741","18000"),
  (124,"Serbia","Mihajla Pupina","Nis","7","21000"),
  (125,"Serbia","Vizantijski bulevar","Beograd","52","11000"),
  (126,"Serbia","Vizantijski bulevar","Novi Sad","75","18000"),
  (127,"Serbia","Nikole Pasica","Beograd","6","18000"),
  (128,"Serbia","Vizantijski bulevar","Novi Sad","086","21000"),
  (129,"Serbia","Ljutice Bogdana","Nis","62","18000"),
  (130,"Serbia","Mihajla Pupina","Nis","1","21000");
INSERT INTO `ADDRESSES` (`ID`,`COUNTRY`,`STREET`,`CITY`,`NUM`,`ZIP_CODE`)
VALUES
  (131,"Serbia","Vizantijski bulevar","Beograd","0","21000"),
  (132,"Serbia","Julijana Djupona","Beograd","258","11000"),
  (133,"Serbia","Julijana Djupona","Novi Sad","2","21000"),
  (134,"Serbia","Mihajla Pupina","Beograd","963","18000"),
  (135,"Serbia","Bulevar Cara Konstantina","Nis","65","18000"),
  (136,"Serbia","Julijana Djupona","Nis","1","11000"),
  (137,"Serbia","Vizantijski bulevar","Beograd","568","11000"),
  (138,"Serbia","Ljutice Bogdana","Beograd","793","11000"),
  (139,"Serbia","Bulevar Oslobodjenja","Novi Sad","771","21000"),
  (140,"Serbia","Bulevar Cara Konstantina","Beograd","144","11000");
INSERT INTO `ADDRESSES` (`ID`,`COUNTRY`,`STREET`,`CITY`,`NUM`,`ZIP_CODE`)
VALUES
  (141,"Serbia","Cara Dusana","Novi Sad","56","11000"),
  (142,"Serbia","Julijana Djupona","Novi Sad","8","21000"),
  (143,"Serbia","Milutina Milankovica","Novi Sad","2","18000"),
  (144,"Serbia","Bulevar Cara Konstantina","Novi Sad","63","11000"),
  (145,"Serbia","Bulevar Oslobodjenja","Beograd","163","21000"),
  (146,"Serbia","Knjaza Milana","Novi Sad","032","18000"),
  (147,"Serbia","Milutina Milankovica","Beograd","4","18000"),
  (148,"Serbia","Bulevar Oslobodjenja","Beograd","5","21000"),
  (149,"Serbia","Kralja Milana","Beograd","31","21000"),
  (150,"Serbia","Bulevar Oslobodjenja","Nis","3","21000");
  
  
  
INSERT INTO PHYSICIANS (ID,ADDRESS_ID,EDUCATION_LEVEL,FIRST_NAME,LAST_NAME,GENDER,DATE_OF_BIRTH,PHONE_NUMBER,SALARY)
VALUES
  (1,1,2,"Vance","Rivers","M","1993-09-27","065 952496",1436),
  (2,2,3,"Minerva","Wilkins","M","1973-12-06","065 473794",1165),
  (3,3,6,"Phelan","Colon","M","1987-11-03","065 746734",758),
  (4,4,7,"Thomas","Ward","M","1979-03-30","065 682285",1024),
  (5,5,2,"Pearl","Contreras","W","1972-07-29","062 712538",955),
  (6,6,1,"Keiko","Hickman","M","1978-01-14","062 771384",948),
  (7,7,6,"Keegan","Cruz","W","1979-12-28","062 524644",1154),
  (8,8,2,"Jesse","Wells","M","1986-04-20","068 339413",536),
  (9,9,2,"Orlando","Hart","W","1997-02-16","067 693584",563),
  (10,10,3,"Lyle","Heath","M","1971-08-29","061 823845",548);
INSERT INTO PHYSICIANS (ID,ADDRESS_ID,EDUCATION_LEVEL,FIRST_NAME,LAST_NAME,GENDER,DATE_OF_BIRTH,PHONE_NUMBER,SALARY)
VALUES
  (11,11,2,"Hilel","Saunders","W","1989-11-14","065 364593",1045),
  (12,12,5,"Magee","Ratliff","W","1996-01-26","065 742192",1010),
  (13,13,2,"Melyssa","Wynn","W","1977-04-15","068 152794",965),
  (14,14,2,"Nicole","Shepherd","W","1975-10-17","065 413489",1403),
  (15,15,2,"Phoebe","Romero","M","1977-12-25","065 355876",846),
  (16,16,6,"Marsden","Nelson","W","1978-03-13","065 688941",1392),
  (17,17,6,"Cadman","Gibson","M","1971-11-22","063 383627",595),
  (18,18,1,"Castor","Mcdaniel","M","1996-09-11","068 387127",1306),
  (19,19,4,"Ronan","Gould","M","1970-07-15","061 745358",1053),
  (20,20,2,"Sydnee","Cherry","M","1985-02-10","068 622266",1355);
INSERT INTO PHYSICIANS (ID,ADDRESS_ID,EDUCATION_LEVEL,FIRST_NAME,LAST_NAME,GENDER,DATE_OF_BIRTH,PHONE_NUMBER,SALARY)
VALUES
  (21,21,5,"Amelia","Pearson","M","1996-10-14","065 631275",1457),
  (22,22,4,"Hedda","Padilla","M","1978-02-04","067 226932",689),
  (23,23,2,"Colleen","Humphrey","M","1974-03-19","065 978363",783),
  (24,24,3,"Sopoline","Nicholson","M","1972-10-27","069 892764",1380),
  (25,25,4,"Roth","Joyce","M","1984-04-29","064 792497",1345),
  (26,26,1,"Lisandra","Wilson","W","1997-06-09","063 221264",1059),
  (27,27,7,"Carl","Mcdonald","M","1993-02-09","064 495864",647),
  (28,28,2,"John","Massey","W","1973-10-21","062 547442",692),
  (29,29,5,"Cedric","Dodson","M","1972-08-08","066 854597",1312),
  (30,30,6,"Keelie","Vang","M","1985-08-13","064 764235",1229);
INSERT INTO PHYSICIANS (ID,ADDRESS_ID,EDUCATION_LEVEL,FIRST_NAME,LAST_NAME,GENDER,DATE_OF_BIRTH,PHONE_NUMBER,SALARY)
VALUES
  (31,31,4,"Allistair","Hoover","M","1983-04-09","068 756237",1289),
  (32,32,3,"Shad","Stevens","W","1985-05-26","067 795636",517),
  (33,33,5,"Chiquita","Lott","W","1995-09-22","062 652777",672),
  (34,34,4,"Alma","Workman","W","1983-12-15","065 368756",1431),
  (35,35,5,"Whoopi","Quinn","W","1997-09-10","069 936437",1338),
  (36,36,2,"Elton","Nolan","W","1988-12-09","065 544861",850),
  (37,37,4,"Jenna","Bernard","W","1983-10-18","064 646137",692),
  (38,38,2,"Jade","Rowland","W","1971-07-01","062 958457",962),
  (39,39,1,"Baxter","Mcdowell","W","1981-06-29","068 371243",1104),
  (40,40,4,"Orla","Dawson","W","1976-07-30","068 156848",1141);
INSERT INTO PHYSICIANS (ID,ADDRESS_ID,EDUCATION_LEVEL,FIRST_NAME,LAST_NAME,GENDER,DATE_OF_BIRTH,PHONE_NUMBER,SALARY)
VALUES
  (41,41,5,"Cullen","Donaldson","W","1975-06-11","063 154684",1056),
  (42,42,2,"Stephanie","Gonzalez","W","1972-06-05","065 495378",1368),
  (43,43,7,"Christian","Wolf","W","1981-04-19","067 323744",1367),
  (44,44,4,"Reed","Bauer","W","1988-03-22","063 684687",897),
  (45,45,5,"Nathaniel","Calhoun","M","1984-09-01","064 524827",1068),
  (46,46,1,"Jena","Haney","M","1976-01-05","068 237825",656),
  (47,47,3,"Shannon","Lynch","W","1989-11-07","066 628256",722),
  (48,48,5,"Ferris","Hines","W","1984-11-29","064 446584",882),
  (49,49,2,"Bert","Christensen","W","1975-08-17","064 519666",1259),
  (50,50,5,"Ivan","Gibson","M","1976-03-18","063 466459",748);
  
  
 
 INSERT INTO PATIENTS (ID,ADDRESS_ID,FIRST_NAME,LAST_NAME,GENDER,DATE_OF_BIRTH,PHONE_NUMBER)
VALUES
  (1,51,"Nadine","Bruce","M","1974-02-08","065 812965"),
  (2,52,"Coby","Holt","W","1980-11-06","063 735745"),
  (3,53,"Scott","Orr","W","1955-01-15","062 994374"),
  (4,54,"Basia","Johns","W","1968-01-03","068 763631"),
  (5,55,"Hamilton","Shannon","W","1964-07-20","066 335674"),
  (6,56,"Destiny","Cotton","W","1955-09-16","067 355561"),
  (7,57,"Rashad","Holloway","M","1980-09-07","067 499279"),
  (8,58,"Miranda","Osborn","W","1964-02-24","062 964231"),
  (9,59,"Nero","Benjamin","M","1971-11-02","062 158674"),
  (10,60,"Isaiah","Collins","W","1967-02-19","063 284693");
INSERT INTO PATIENTS (ID,ADDRESS_ID,FIRST_NAME,LAST_NAME,GENDER,DATE_OF_BIRTH,PHONE_NUMBER)
VALUES
  (11,61,"Moses","Wheeler","W","1955-08-24","065 229873"),
  (12,62,"Jena","Guthrie","W","1965-05-24","065 284328"),
  (13,63,"Juliet","Carpenter","M","1976-10-20","062 313586"),
  (14,64,"Rana","Henson","M","1979-07-13","065 935376"),
  (15,65,"Brody","Merritt","M","1955-06-06","069 263535"),
  (16,66,"Melinda","Wilkins","W","1955-06-03","065 684348"),
  (17,67,"Kirestin","Hurst","W","1955-04-08","063 426595"),
  (18,68,"Ryan","Whitfield","M","1955-11-08","064 315335"),
  (19,69,"Jameson","Gray","W","1969-07-13","068 734647"),
  (20,70,"Signe","Graham","W","1956-11-13","061 718838");
INSERT INTO PATIENTS (ID,ADDRESS_ID,FIRST_NAME,LAST_NAME,GENDER,DATE_OF_BIRTH,PHONE_NUMBER)
VALUES
  (21,71,"Palmer","Reyes","M","1978-12-16","065 643634"),
  (22,72,"Cherokee","Estes","W","1964-10-17","063 884847"),
  (23,73,"Brett","Cooper","M","1964-09-20","066 788744"),
  (24,74,"Davis","Bridges","M","1963-05-09","063 823398"),
  (25,75,"Vance","Mcpherson","W","1979-09-04","068 186476"),
  (26,76,"Jaquelyn","Stephenson","M","1967-02-11","067 478496"),
  (27,77,"Emmanuel","Andrews","W","1978-05-03","067 534542"),
  (28,78,"Bree","Kirby","W","1955-12-19","065 249968"),
  (29,79,"Aphrodite","Goodwin","M","1955-02-11","062 898151"),
  (30,80,"Wayne","Hughes","W","1955-08-04","068 667265");
INSERT INTO PATIENTS (ID,ADDRESS_ID,FIRST_NAME,LAST_NAME,GENDER,DATE_OF_BIRTH,PHONE_NUMBER)
VALUES
  (31,81,"Zelda","Bernard","W","1955-04-29","068 468432"),
  (32,82,"Jillian","Wall","W","1957-08-19","069 745536"),
  (33,83,"Perry","Simmons","W","1960-11-19","067 865494"),
  (34,84,"Elijah","Rowland","M","1971-02-25","067 483441"),
  (35,85,"Michael","Stone","M","1974-04-11","062 551886"),
  (36,86,"Scarlet","Browning","W","1974-10-13","062 552735"),
  (37,87,"Lynn","Branch","W","1955-05-15","064 212562"),
  (38,88,"Mufutau","Hebert","W","1964-08-25","066 868757"),
  (39,89,"Patience","Barnes","M","1966-12-25","065 662786"),
  (40,90,"Beau","Davidson","M","1964-09-17","068 642622");
INSERT INTO PATIENTS (ID,ADDRESS_ID,FIRST_NAME,LAST_NAME,GENDER,DATE_OF_BIRTH,PHONE_NUMBER)
VALUES
  (41,91,"Hu","Mooney","M","1955-11-30","062 829633"),
  (42,92,"Shelby","Vega","M","1961-05-16","068 754754"),
  (43,93,"Damon","Wilson","M","1967-07-25","068 555324"),
  (44,94,"Carlos","Pearson","W","1970-04-04","069 278872"),
  (45,95,"Ursula","Tucker","M","1975-11-03","065 283485"),
  (46,96,"Oleg","Maxwell","M","1955-11-16","063 427856"),
  (47,97,"Brendan","Rogers","W","1969-04-02","063 515218"),
  (48,98,"Vera","Marquez","M","1971-02-03","066 949578"),
  (49,99,"Jemima","Burch","W","1955-09-15","062 286442"),
  (50,100,"Malik","Mays","M","1971-10-04","068 578361");
INSERT INTO PATIENTS (ID,ADDRESS_ID,FIRST_NAME,LAST_NAME,GENDER,DATE_OF_BIRTH,PHONE_NUMBER)
VALUES
  (51,101,"Scott","Mcintosh","W","1963-01-08","061 556633"),
  (52,102,"Rajah","Castaneda","W","1952-03-25","062 586248"),
  (53,103,"Germaine","Mcfadden","W","1977-08-01","063 834658"),
  (54,104,"Raphael","Chavez","W","1958-04-02","068 175786"),
  (55,105,"Piper","Meyer","M","1950-06-05","064 155248"),
  (56,106,"Roanna","Henson","M","1978-03-12","065 856238"),
  (57,107,"Ima","Walton","M","1956-05-06","061 297335"),
  (58,108,"Anne","Tran","M","1979-11-18","069 357265"),
  (59,109,"Cecilia","Santos","W","1980-11-23","063 343792"),
  (60,110,"Ann","Chaney","M","1953-04-17","066 587529");
INSERT INTO PATIENTS (ID,ADDRESS_ID,FIRST_NAME,LAST_NAME,GENDER,DATE_OF_BIRTH,PHONE_NUMBER)
VALUES
  (61,111,"Naomi","Hardy","M","1960-03-09","061 627553"),
  (62,112,"Aimee","Stephenson","W","1978-07-30","066 513844"),
  (63,113,"Perry","Hill","M","1976-11-30","068 965787"),
  (64,114,"Sonya","Deleon","W","1957-11-25","065 347354"),
  (65,115,"Keegan","Schultz","M","1970-08-02","063 371585"),
  (66,116,"Asher","Byers","W","1966-10-24","068 785368"),
  (67,117,"Conan","Spence","W","1959-08-08","067 825851"),
  (68,118,"Inga","Mckay","M","1956-12-07","069 587742"),
  (69,119,"Bevis","Terrell","M","1959-02-26","066 484244"),
  (70,120,"Lenore","Walters","M","1976-08-13","068 338595");
INSERT INTO PATIENTS (ID,ADDRESS_ID,FIRST_NAME,LAST_NAME,GENDER,DATE_OF_BIRTH,PHONE_NUMBER)
VALUES
  (71,121,"Uriah","Olson","W","1956-09-01","066 163157"),
  (72,122,"Farrah","Houston","W","1959-10-27","065 862875"),
  (73,123,"Tyrone","Bird","W","1955-08-22","061 655255"),
  (74,124,"Holmes","Erickson","M","1955-08-07","063 593628"),
  (75,125,"Dante","Mayo","W","1978-12-13","065 761459"),
  (76,126,"Zane","Cole","M","1979-08-13","069 737724"),
  (77,127,"Uma","Collier","W","1965-10-07","064 654816"),
  (78,128,"Julie","Mcmillan","W","1966-10-06","061 353294"),
  (79,129,"Theodore","Hoover","M","1976-04-06","062 228677"),
  (80,130,"Roary","Chandler","M","1961-04-29","066 954484");



INSERT INTO COMPANIES 
VALUES
	(1, 'Hemofarm'),
	(2, 'Bayer'),
	(3, 'Galenika');
	
	
	
INSERT INTO CATEGORIES 
VALUES
	(1, 'Antibiotik', 'Antibiotici su lekovi koji sprecavaju rast bakterija i primenjuju se u lecenju bakterijskih infekcija. Nemaju nikakvo dejstvo protiv virusnih infekcija.'),
	(2, 'Probiotik', 'Probiotici su zivi mikroorganizmi, poput odredjenih sojeva dobrih bakterija, koji kada se konzumiraju u odgovarajucim kolicinama daju zdravstvenu korist domacinu.'),
	(3, 'Analgetik', 'Analgetik je lek koji se koristi protiv bolova.'),
	(4, 'Anksiolitik', 'Anksiolitici se koriste za lecenje dusevnih stanja.'),
	(5, 'Antikoagulans', 'Antikoagulansi su lekovi koji se koriste sa razredjivanje krvi.'),
	(6, 'Antidepresiv', 'Antidepresivi su lekovi koji se koriste za lecenje dusevnih stanja i poremecaja.');
	
	
	
	
INSERT INTO DRUGS (ID,COMPANY_ID,CATEGORY_ID,NAME,PRICE,DESCRIPTION)
VALUES
  (1,2,4,"Felis PC",2081,"Antidepresive"),
  (2,2,4,"Urna PC",1647,"Probiotic"),
  (3,2,1,"Per Conubia Limited",941,"Probiotic"),
  (4,3,2,"Ultricies Industries",7477,"Vitamin"),
  (5,3,3,"Et Rutrum Limited",233,"Sedative"),
  (6,1,4,"Egestas A Consulting",523,"Vitamin"),
  (7,2,6,"Magnis Dis Associates",463,"Antibiotic"),
  (8,3,2,"Mauris PC",4715,"Antidepresive"),
  (9,3,3,"Cum Sociis Industries",1417,"Antidepresive"),
  (10,1,2,"Ornare Facilisis LLC",3312,"Probiotic");
INSERT INTO DRUGS (ID,COMPANY_ID,CATEGORY_ID,NAME,PRICE,DESCRIPTION)
VALUES
  (11,3,1,"Tincidunt Adipiscing LLC",5473,"Sedative"),
  (12,2,4,"Felis Industries",7030,"Sedative"),
  (13,1,5,"Molestie Sodales Mauris Incorporated",4777,"Probiotic"),
  (14,3,2,"Arcu Vivamus Sit LLC",4852,"Sedative"),
  (15,2,2,"Diam Sed LLC",6700,"Sedative"),
  (16,2,3,"Sed Incorporated",3963,"Vitamin"),
  (17,1,4,"Risus Institute",1663,"Probiotic"),
  (18,3,6,"Molestie Incorporated",4156,"Antibiotic"),
  (19,2,3,"Erat Neque Inc.",970,"Antibiotic"),
  (20,2,5,"Lacus Industries",2667,"Probiotic");
INSERT INTO DRUGS (ID,COMPANY_ID,CATEGORY_ID,NAME,PRICE,DESCRIPTION)
VALUES
  (21,2,1,"Nec Mauris Consulting",3385,"Probiotic"),
  (22,1,5,"Cursus Purus Nullam Foundation",4124,"Antidepresive"),
  (23,1,2,"Morbi Tristique PC",5368,"Vitamin"),
  (24,3,2,"Nulla Magna Limited",5847,"Sedative"),
  (25,3,4,"Purus Ac Incorporated",3861,"Antidepresive"),
  (26,2,4,"Nec Eleifend Industries",4566,"Vitamin"),
  (27,3,3,"Quis Inc.",6553,"Antibiotic"),
  (28,1,2,"Nullam Lobortis Company",2971,"Antibiotic"),
  (29,3,3,"Cursus Corp.",5480,"Vitamin"),
  (30,2,3,"Posuere Limited",7054,"Antibiotic");
INSERT INTO DRUGS (ID,COMPANY_ID,CATEGORY_ID,NAME,PRICE,DESCRIPTION)
VALUES
  (31,2,5,"Eleifend Industries",795,"Sedative"),
  (32,3,3,"Orci Phasellus Company",5681,"Vitamin"),
  (33,3,6,"Nulla Institute",7341,"Antibiotic"),
  (34,1,3,"Vulputate Risus Corporation",7291,"Sedative"),
  (35,3,1,"Gravida Non Sollicitudin Inc.",7386,"Antidepresive"),
  (36,1,5,"Elit Fermentum PC",1018,"Antidepresive"),
  (37,1,4,"Dis Parturient Institute",7766,"Vitamin"),
  (38,2,5,"Nulla Cras Ltd",4222,"Probiotic"),
  (39,2,5,"Et Foundation",2139,"Probiotic"),
  (40,1,1,"Elit Pellentesque Industries",2457,"Sedative");
INSERT INTO DRUGS (ID,COMPANY_ID,CATEGORY_ID,NAME,PRICE,DESCRIPTION)
VALUES
  (41,1,5,"Duis Dignissim PC",547,"Probiotic"),
  (42,2,6,"At Nisi LLC",4961,"Antibiotic"),
  (43,2,4,"Ut Incorporated",6192,"Probiotic"),
  (44,2,2,"Nisl Elementum LLP",3635,"Antibiotic"),
  (45,1,6,"Lorem Ipsum Industries",6448,"Probiotic"),
  (46,2,5,"Tortor Nunc Corp.",4976,"Antibiotic"),
  (47,3,1,"Cursus Inc.",3502,"Probiotic"),
  (48,3,4,"Eget Ltd",6692,"Probiotic"),
  (49,2,5,"Duis Risus Limited",4055,"Probiotic"),
  (50,1,1,"Lacinia Mattis Integer Corp.",6720,"Probiotic");
INSERT INTO DRUGS (ID,COMPANY_ID,CATEGORY_ID,NAME,PRICE,DESCRIPTION)
VALUES
  (51,2,1,"Cursus Diam At Inc.",834,"Sedative"),
  (52,3,5,"Integer Vitae Associates",2904,"Vitamin"),
  (53,2,3,"Dictum Proin Corp.",327,"Antidepresive"),
  (54,3,5,"Sed Pede Ltd",1726,"Sedative"),
  (55,3,3,"Purus Gravida Sagittis Foundation",3130,"Antibiotic"),
  (56,3,4,"Donec LLC",5332,"Antibiotic"),
  (57,2,4,"Adipiscing Consulting",2315,"Antidepresive"),
  (58,3,4,"Ultrices Mauris Ipsum Corporation",4977,"Antibiotic"),
  (59,2,4,"Odio Tristique Corporation",1350,"Antidepresive"),
  (60,3,1,"Ullamcorper Corp.",3892,"Probiotic");
INSERT INTO DRUGS (ID,COMPANY_ID,CATEGORY_ID,NAME,PRICE,DESCRIPTION)
VALUES
  (61,3,1,"Egestas Hendrerit Foundation",3291,"Vitamin"),
  (62,2,2,"Velit LLC",6698,"Vitamin"),
  (63,2,5,"Maecenas Corporation",6623,"Antibiotic"),
  (64,2,2,"Dignissim Maecenas Ornare Limited",2237,"Vitamin"),
  (65,1,6,"Porttitor Interdum Sed Incorporated",7616,"Antibiotic"),
  (66,2,5,"Odio Corp.",3677,"Vitamin"),
  (67,2,5,"Rhoncus Proin Nisl Foundation",4035,"Probiotic"),
  (68,2,3,"Sem Molestie Sodales PC",2146,"Antidepresive"),
  (69,2,4,"Eu Tellus LLC",2312,"Antibiotic"),
  (70,2,2,"In Limited",3184,"Sedative");
INSERT INTO DRUGS (ID,COMPANY_ID,CATEGORY_ID,NAME,PRICE,DESCRIPTION)
VALUES
  (71,2,5,"Faucibus Orci Incorporated",1902,"Sedative"),
  (72,1,2,"Massa LLC",1300,"Antibiotic"),
  (73,3,4,"Lobortis Risus LLP",2188,"Antidepresive"),
  (74,2,5,"Feugiat Associates",4196,"Probiotic"),
  (75,1,3,"Urna Justo LLP",7756,"Sedative"),
  (76,3,2,"Mauris Rhoncus Ltd",6130,"Vitamin"),
  (77,2,2,"Malesuada Fames Ltd",3533,"Vitamin"),
  (78,2,6,"Netus Et Corporation",4034,"Antibiotic"),
  (79,2,2,"Nisi Institute",5091,"Probiotic"),
  (80,3,1,"Lorem Ut Aliquam Ltd",7538,"Antidepresive");
INSERT INTO DRUGS (ID,COMPANY_ID,CATEGORY_ID,NAME,PRICE,DESCRIPTION)
VALUES
  (81,1,1,"Sociis Natoque Limited",6889,"Probiotic"),
  (82,2,6,"Donec At Limited",3659,"Vitamin"),
  (83,2,6,"Ante Institute",4750,"Antidepresive"),
  (84,3,3,"Eleifend Nunc Company",459,"Vitamin"),
  (85,1,6,"Et Netus LLC",6437,"Sedative"),
  (86,2,5,"Nunc Sed Limited",4484,"Probiotic"),
  (87,1,5,"Nonummy Ipsum Inc.",1245,"Probiotic"),
  (88,2,5,"Nunc Ac Mattis Institute",4938,"Sedative"),
  (89,1,3,"Imperdiet Non LLC",7032,"Antibiotic"),
  (90,1,5,"Aliquam Adipiscing Industries",3952,"Antidepresive");
INSERT INTO DRUGS (ID,COMPANY_ID,CATEGORY_ID,NAME,PRICE,DESCRIPTION)
VALUES
  (91,1,4,"Volutpat Foundation",3635,"Probiotic"),
  (92,2,6,"Lorem Ltd",7321,"Vitamin"),
  (93,3,5,"Blandit At Nisi Limited",5827,"Vitamin"),
  (94,3,5,"Vivamus Non PC",5399,"Vitamin"),
  (95,2,3,"Proin Ultrices Duis LLC",5186,"Vitamin"),
  (96,3,6,"Et Magnis Dis Limited",5026,"Sedative"),
  (97,3,5,"Arcu Sed Corp.",301,"Probiotic"),
  (98,2,5,"Auctor Velit Aliquam Incorporated",2911,"Antibiotic"),
  (99,2,6,"Volutpat Nunc Incorporated",3063,"Vitamin"),
  (100,2,2,"Risus Corp.",862,"Antibiotic");
INSERT INTO DRUGS (ID,COMPANY_ID,CATEGORY_ID,NAME,PRICE,DESCRIPTION)
VALUES
  (101,2,5,"Urna Nullam Company",6470,"Antibiotic"),
  (102,3,2,"Eu Tempor Foundation",2406,"Antidepresive"),
  (103,2,5,"Ac Turpis Industries",4849,"Vitamin"),
  (104,1,5,"Praesent Interdum Incorporated",3466,"Antibiotic"),
  (105,2,2,"Libero Corporation",6990,"Sedative"),
  (106,1,5,"Cursus Diam Ltd",5100,"Probiotic"),
  (107,1,3,"Proin Sed Turpis Limited",7230,"Antibiotic"),
  (108,1,5,"Augue Ac Foundation",3926,"Sedative"),
  (109,3,2,"Mus Aenean Industries",1326,"Vitamin"),
  (110,3,1,"Enim LLC",3556,"Vitamin");
INSERT INTO DRUGS (ID,COMPANY_ID,CATEGORY_ID,NAME,PRICE,DESCRIPTION)
VALUES
  (111,1,2,"Orci Quis Foundation",2152,"Antidepresive"),
  (112,2,3,"Ultrices Institute",2461,"Sedative"),
  (113,3,5,"Praesent Eu Corporation",942,"Antibiotic"),
  (114,2,5,"Elit Fermentum Associates",6946,"Probiotic"),
  (115,2,1,"Nullam Enim Sed Incorporated",6844,"Antibiotic"),
  (116,2,4,"Phasellus Corp.",4613,"Probiotic"),
  (117,2,5,"Quisque Consulting",6759,"Antidepresive"),
  (118,3,5,"Est LLP",552,"Probiotic"),
  (119,2,5,"Vivamus Incorporated",6199,"Antibiotic"),
  (120,3,4,"Aliquet Nec Corporation",3383,"Probiotic");
INSERT INTO DRUGS (ID,COMPANY_ID,CATEGORY_ID,NAME,PRICE,DESCRIPTION)
VALUES
  (121,2,2,"Elementum Corp.",4455,"Sedative"),
  (122,2,5,"Fringilla Ornare Foundation",2952,"Sedative"),
  (123,2,6,"Interdum Sed Auctor Institute",1978,"Sedative"),
  (124,2,5,"Erat Eget Incorporated",5304,"Antibiotic"),
  (125,2,4,"Volutpat Nulla Institute",7561,"Sedative"),
  (126,1,3,"Aliquam Fringilla Associates",6058,"Vitamin"),
  (127,1,4,"Maecenas PC",4635,"Antidepresive"),
  (128,2,4,"Elit Etiam Laoreet Corporation",4471,"Antidepresive"),
  (129,1,5,"Tempus Scelerisque LLP",2615,"Sedative"),
  (130,1,5,"Dui Corp.",7553,"Probiotic");
INSERT INTO DRUGS (ID,COMPANY_ID,CATEGORY_ID,NAME,PRICE,DESCRIPTION)
VALUES
  (131,3,4,"Morbi Sit Corporation",2959,"Antibiotic"),
  (132,1,3,"Magnis Dis Parturient Industries",3857,"Sedative"),
  (133,1,4,"Amet Consectetuer Adipiscing Ltd",1134,"Probiotic"),
  (134,2,4,"Ipsum Primis In Limited",2056,"Antibiotic"),
  (135,1,3,"Adipiscing Elit Aliquam Foundation",4237,"Antibiotic"),
  (136,3,4,"Maecenas Ornare Egestas Limited",3215,"Antidepresive"),
  (137,3,4,"Viverra Maecenas Industries",5409,"Vitamin"),
  (138,2,5,"Lacus Etiam LLP",3885,"Probiotic"),
  (139,2,2,"Dolor Incorporated",1139,"Sedative"),
  (140,3,1,"Dictum Proin Eget PC",1577,"Sedative");
INSERT INTO DRUGS (ID,COMPANY_ID,CATEGORY_ID,NAME,PRICE,DESCRIPTION)
VALUES
  (141,2,1,"Pede Sagittis Augue Company",2124,"Sedative"),
  (142,2,1,"Proin Vel Inc.",6130,"Antibiotic"),
  (143,2,2,"Mauris LLC",1330,"Antibiotic"),
  (144,1,1,"Nonummy Corporation",7507,"Antidepresive"),
  (145,2,5,"Placerat Corporation",6762,"Antibiotic"),
  (146,2,3,"Arcu Curabitur Ut Corporation",4082,"Sedative"),
  (147,1,4,"Aliquet Odio Etiam Consulting",3092,"Probiotic"),
  (148,1,2,"Vitae Associates",7033,"Sedative"),
  (149,1,6,"Nisi Mauris Nulla Inc.",1700,"Antibiotic"),
  (150,1,4,"Feugiat Company",1614,"Probiotic");
INSERT INTO DRUGS (ID,COMPANY_ID,CATEGORY_ID,NAME,PRICE,DESCRIPTION)
VALUES
  (151,1,4,"Massa LLC",3329,"Sedative"),
  (152,2,2,"Nisi Limited",1141,"Antidepresive"),
  (153,3,4,"Sagittis Nullam Vitae Foundation",7256,"Antidepresive"),
  (154,2,3,"Amet Associates",1255,"Sedative"),
  (155,2,6,"Cras Pellentesque PC",1027,"Antidepresive"),
  (156,3,4,"Nunc Institute",4708,"Sedative"),
  (157,2,6,"Nisi Aenean Ltd",4721,"Antidepresive"),
  (158,2,3,"Quisque Nonummy Ipsum Institute",7138,"Antibiotic"),
  (159,3,5,"Nunc Laoreet Lectus Incorporated",2259,"Antibiotic"),
  (160,2,3,"Id Nunc Interdum Associates",1363,"Vitamin");
INSERT INTO DRUGS (ID,COMPANY_ID,CATEGORY_ID,NAME,PRICE,DESCRIPTION)
VALUES
  (161,1,5,"Pede Company",5867,"Antidepresive"),
  (162,2,6,"A Arcu Sed Industries",258,"Probiotic"),
  (163,2,2,"Sit Amet PC",5837,"Antidepresive"),
  (164,3,3,"Vitae Mauris Limited",3968,"Probiotic"),
  (165,1,5,"Hymenaeos Company",6703,"Antidepresive"),
  (166,3,4,"Leo Corp.",7386,"Sedative"),
  (167,2,5,"Natoque Penatibus Inc.",7680,"Sedative"),
  (168,1,6,"Nam Ligula Limited",4363,"Sedative"),
  (169,3,5,"Pharetra Associates",3055,"Antidepresive"),
  (170,1,6,"Blandit At Associates",1839,"Vitamin");
INSERT INTO DRUGS (ID,COMPANY_ID,CATEGORY_ID,NAME,PRICE,DESCRIPTION)
VALUES
  (171,3,4,"Gravida Sagittis Ltd",460,"Vitamin"),
  (172,1,3,"Nam Tempor Company",7789,"Vitamin"),
  (173,3,5,"Pede Nonummy Ut LLC",1028,"Probiotic"),
  (174,2,6,"Consequat Industries",6566,"Vitamin"),
  (175,3,3,"Orci Consectetuer LLC",7515,"Antibiotic"),
  (176,2,1,"Mauris Industries",3885,"Vitamin"),
  (177,2,1,"Primis In LLP",3202,"Sedative"),
  (178,2,3,"Sit Amet Corporation",2607,"Probiotic"),
  (179,3,1,"Lacus Etiam LLP",4100,"Antibiotic"),
  (180,3,2,"Adipiscing Corporation",1313,"Probiotic");
INSERT INTO DRUGS (ID,COMPANY_ID,CATEGORY_ID,NAME,PRICE,DESCRIPTION)
VALUES
  (181,2,2,"Sed Malesuada Incorporated",343,"Probiotic"),
  (182,2,1,"Vivamus Molestie Dapibus Corporation",4203,"Sedative"),
  (183,3,2,"Magna A LLP",6571,"Probiotic"),
  (184,3,2,"Sodales At Inc.",588,"Antidepresive"),
  (185,2,1,"Quis Foundation",7382,"Sedative"),
  (186,2,4,"Dis PC",5128,"Sedative"),
  (187,1,4,"Rutrum Fusce Incorporated",7651,"Antidepresive"),
  (188,3,5,"Auctor Associates",3587,"Probiotic"),
  (189,3,2,"Neque Non Corporation",536,"Sedative"),
  (190,3,1,"Amet Ornare Ltd",5223,"Antibiotic");
INSERT INTO DRUGS (ID,COMPANY_ID,CATEGORY_ID,NAME,PRICE,DESCRIPTION)
VALUES
  (191,3,2,"Quisque Tincidunt Foundation",1190,"Vitamin"),
  (192,2,2,"In Cursus Associates",7609,"Antibiotic"),
  (193,2,5,"Ut Nulla Foundation",4939,"Sedative"),
  (194,2,5,"Phasellus At Company",4404,"Sedative"),
  (195,2,3,"Consequat Dolor Associates",4588,"Antidepresive"),
  (196,3,5,"In Corporation",4375,"Vitamin"),
  (197,1,5,"Aliquet Ltd",6267,"Probiotic"),
  (198,1,3,"Sem Mollis PC",4092,"Probiotic"),
  (199,3,4,"Dolor Tempus Corporation",5277,"Antidepresive"),
  (200,2,1,"Dapibus Ligula Aliquam Institute",1427,"Antidepresive");
  
  
  
INSERT INTO PHARMACIES (ID,ADDRESS_ID,NAME,PHONE_NUMBER)
VALUES
  (1,131,"Nipharm","068 492201"),
  (2,132,"Zegin","066 389959"),
  (3,133,"Benu","061 992359"),
  (4,134,"Zegin","060 871779"),
  (5,135,"Zegin","066 274842"),
  (6,136,"Nipharm","060 082048"),
  (7,137,"Zegin","061 315192"),
  (8,138,"Zegin","064 181236"),
  (9,139,"Zegin","066 676187"),
  (10,140,"Beladona","064 455619");
INSERT INTO PHARMACIES (ID,ADDRESS_ID,NAME,PHONE_NUMBER)
VALUES
  (11,141,"Zegin","062 277471"),
  (12,142,"Nipharm","062 638894"),
  (13,143,"Nipharm","064 293337"),
  (14,144,"Benu","060 485053"),
  (15,145,"Benu","069 715887"),
  (16,146,"Benu","065 351327"),
  (17,147,"Zegin","065 404878"),
  (18,148,"Benu","069 559915"),
  (19,149,"Beladona","064 793565"),
  (20,150,"Zegin","062 377081");




INSERT INTO PAYMENT_METHODS 
VALUES
	(1, 'Cash'),
	(2, 'Card'),
	(3, 'PayPal');
	
	
	
INSERT INTO PRESCRIPTIONS (ID,PATIENT_ID,PHYSICIAN_ID,PHARMACY_ID,PAYMENT_METHOD_ID,CODE,TRANSACTION_DATE)
VALUES
  (1,23,40,12,2,"8783773328647","2023-06-09"),
  (2,50,6,20,3,"6126761526886","2022-02-25"),
  (3,40,10,19,2,"4321687759836","2024-03-10"),
  (4,31,16,8,1,"5316264745394","2024-04-12"),
  (5,4,22,3,2,"3832334445521","2022-12-21"),
  (6,1,20,4,2,"3318573579878","2023-07-18"),
  (7,31,14,20,2,"6864494568575","2021-05-05"),
  (8,33,28,8,2,"2183937511978","2022-11-08"),
  (9,43,14,11,2,"6353194872647","2021-07-23"),
  (10,18,48,6,3,"3461857733218","2022-08-01");
INSERT INTO PRESCRIPTIONS (ID,PATIENT_ID,PHYSICIAN_ID,PHARMACY_ID,PAYMENT_METHOD_ID,CODE,TRANSACTION_DATE)
VALUES
  (11,53,45,1,1,"9623885623561","2022-09-15"),
  (12,10,20,20,3,"8269528468247","2024-03-27"),
  (13,38,32,9,1,"1693159958443","2023-06-29"),
  (14,65,6,10,3,"9986462382217","2022-04-03"),
  (15,14,39,11,1,"6397823564456","2021-08-27"),
  (16,3,36,8,3,"6371388663898","2022-04-05"),
  (17,14,20,10,3,"2588583813932","2023-11-04"),
  (18,43,30,16,2,"6843457754339","2023-06-01"),
  (19,9,35,5,1,"5216542472465","2023-06-07"),
  (20,25,18,3,3,"3487743666254","2023-07-23");
INSERT INTO PRESCRIPTIONS (ID,PATIENT_ID,PHYSICIAN_ID,PHARMACY_ID,PAYMENT_METHOD_ID,CODE,TRANSACTION_DATE)
VALUES
  (21,63,37,5,2,"9994764593825","2022-05-15"),
  (22,48,29,18,2,"7378533674476","2023-10-08"),
  (23,77,10,4,2,"2513777415458","2021-06-21"),
  (24,43,22,5,3,"4858328339212","2024-04-13"),
  (25,74,3,11,2,"3643744624623","2023-12-18"),
  (26,29,38,4,2,"8983568815546","2023-08-03"),
  (27,44,20,7,1,"7666545338867","2022-08-28"),
  (28,55,33,6,2,"6434763799122","2023-07-23"),
  (29,42,7,13,3,"9375965874473","2021-10-24"),
  (30,53,42,19,2,"7292917641388","2023-05-21");
INSERT INTO PRESCRIPTIONS (ID,PATIENT_ID,PHYSICIAN_ID,PHARMACY_ID,PAYMENT_METHOD_ID,CODE,TRANSACTION_DATE)
VALUES
  (31,35,29,3,1,"4471847723531","2022-01-24"),
  (32,4,11,10,3,"8355253542126","2023-05-25"),
  (33,3,18,12,2,"4237743723633","2021-10-20"),
  (34,74,33,5,3,"7372725384772","2023-11-12"),
  (35,6,7,14,2,"7451324321514","2021-10-01"),
  (36,21,5,8,1,"8943495725619","2024-04-09"),
  (37,30,48,3,1,"4937222465462","2022-07-20"),
  (38,18,4,14,2,"7455672584658","2021-08-01"),
  (39,6,41,1,1,"5417973734532","2021-07-19"),
  (40,41,46,8,2,"5343257288784","2023-09-24");
INSERT INTO PRESCRIPTIONS (ID,PATIENT_ID,PHYSICIAN_ID,PHARMACY_ID,PAYMENT_METHOD_ID,CODE,TRANSACTION_DATE)
VALUES
  (41,21,7,9,1,"9334737457421","2022-07-17"),
  (42,57,26,10,3,"6818535792852","2021-10-27"),
  (43,4,34,18,1,"2983337422456","2021-09-14"),
  (44,55,12,5,1,"2958677627973","2021-10-02"),
  (45,75,8,5,3,"9876528257343","2022-08-02"),
  (46,36,38,19,2,"3836566539288","2021-12-05"),
  (47,78,3,18,2,"8435387276367","2023-01-20"),
  (48,2,32,6,2,"2753571312644","2022-01-06"),
  (49,25,32,4,2,"5724181889247","2022-11-22"),
  (50,47,17,13,2,"8526246258656","2022-04-28");
INSERT INTO PRESCRIPTIONS (ID,PATIENT_ID,PHYSICIAN_ID,PHARMACY_ID,PAYMENT_METHOD_ID,CODE,TRANSACTION_DATE)
VALUES
  (51,7,28,14,2,"4641736677469","2022-03-01"),
  (52,2,24,11,1,"2625369528156","2024-03-13"),
  (53,69,14,4,3,"7772734632486","2021-12-24"),
  (54,24,15,16,3,"4177175664852","2023-11-04"),
  (55,8,13,7,1,"7714662128143","2023-10-10"),
  (56,4,19,15,2,"5649752249563","2021-12-20"),
  (57,79,8,16,2,"3651874583648","2022-08-14"),
  (58,72,27,16,1,"7661429355219","2023-07-04"),
  (59,45,33,12,2,"8714274314338","2022-05-25"),
  (60,73,14,11,2,"3378748534672","2021-10-11");
INSERT INTO PRESCRIPTIONS (ID,PATIENT_ID,PHYSICIAN_ID,PHARMACY_ID,PAYMENT_METHOD_ID,CODE,TRANSACTION_DATE)
VALUES
  (61,77,28,9,1,"5888352476583","2021-09-16"),
  (62,61,18,1,1,"3945768332823","2023-07-25"),
  (63,44,39,15,2,"9883524268982","2023-09-09"),
  (64,57,49,2,3,"8929417991453","2021-11-10"),
  (65,6,48,6,2,"4246536773554","2024-04-08"),
  (66,28,26,3,2,"5884612288857","2023-06-19"),
  (67,35,22,12,1,"4241677231988","2023-03-01"),
  (68,11,5,7,1,"9934561748593","2023-02-05"),
  (69,12,32,11,2,"5262226333985","2021-12-15"),
  (70,52,50,8,3,"2766332263828","2023-01-25");
INSERT INTO PRESCRIPTIONS (ID,PATIENT_ID,PHYSICIAN_ID,PHARMACY_ID,PAYMENT_METHOD_ID,CODE,TRANSACTION_DATE)
VALUES
  (71,35,30,9,2,"4363529552986","2022-11-20"),
  (72,44,11,12,2,"3649585673233","2022-05-19"),
  (73,63,28,7,2,"8747438629312","2023-01-30"),
  (74,3,4,5,2,"9468357434787","2024-04-01"),
  (75,41,38,3,3,"3344475857858","2021-08-20"),
  (76,41,44,14,2,"5882455848556","2021-06-25"),
  (77,16,32,10,2,"5638343576822","2023-05-08"),
  (78,65,16,3,2,"3842785977421","2021-12-08"),
  (79,63,25,6,3,"4419177372237","2022-01-25"),
  (80,65,10,9,3,"5252514441613","2023-07-22");
INSERT INTO PRESCRIPTIONS (ID,PATIENT_ID,PHYSICIAN_ID,PHARMACY_ID,PAYMENT_METHOD_ID,CODE,TRANSACTION_DATE)
VALUES
  (81,33,44,4,1,"7243228286243","2023-08-25"),
  (82,70,34,6,1,"7744158316613","2021-05-03"),
  (83,14,37,2,3,"7248445252425","2022-11-19"),
  (84,6,48,18,2,"6313836546764","2022-06-02"),
  (85,27,47,2,2,"3772264645862","2023-02-12"),
  (86,63,14,15,2,"8297228436323","2023-01-29"),
  (87,80,6,17,1,"7275837992676","2023-07-10"),
  (88,13,39,4,1,"3232138857379","2023-04-22"),
  (89,71,34,5,1,"4295938435888","2023-10-03"),
  (90,17,38,16,2,"4583585794655","2021-09-05");
INSERT INTO PRESCRIPTIONS (ID,PATIENT_ID,PHYSICIAN_ID,PHARMACY_ID,PAYMENT_METHOD_ID,CODE,TRANSACTION_DATE)
VALUES
  (91,70,28,10,2,"7475429682583","2021-12-16"),
  (92,65,42,16,2,"6344388877385","2022-10-13"),
  (93,56,23,8,3,"7839878351155","2022-01-16"),
  (94,76,4,2,2,"1216928545532","2022-12-06"),
  (95,53,4,7,3,"9578685566792","2023-07-20"),
  (96,38,12,11,2,"2456543685823","2022-03-11"),
  (97,75,2,5,2,"5694976974347","2023-07-08"),
  (98,27,46,2,1,"6222314952154","2022-05-08"),
  (99,71,13,6,1,"6858881236823","2022-04-30"),
  (100,70,9,5,2,"3282667324597","2023-03-03");
INSERT INTO PRESCRIPTIONS (ID,PATIENT_ID,PHYSICIAN_ID,PHARMACY_ID,PAYMENT_METHOD_ID,CODE,TRANSACTION_DATE)
VALUES
  (101,45,44,5,2,"4523222227688","2022-09-03"),
  (102,45,17,4,3,"3624524982488","2023-10-21"),
  (103,7,11,15,2,"9732446685133","2023-09-30"),
  (104,10,45,18,2,"5327642774897","2023-04-25"),
  (105,27,47,10,2,"8254547713324","2022-06-10"),
  (106,53,21,8,2,"1273638582693","2024-01-06"),
  (107,45,43,19,3,"9484227653577","2022-04-24"),
  (108,72,46,13,1,"7566414438357","2021-04-30"),
  (109,21,11,6,3,"8664478126263","2022-06-13"),
  (110,54,44,2,3,"2748684469563","2024-04-09");
INSERT INTO PRESCRIPTIONS (ID,PATIENT_ID,PHYSICIAN_ID,PHARMACY_ID,PAYMENT_METHOD_ID,CODE,TRANSACTION_DATE)
VALUES
  (111,67,50,11,1,"8212982146657","2021-11-30"),
  (112,10,44,13,2,"8394716178944","2021-12-01"),
  (113,44,3,1,2,"6163219942725","2021-09-23"),
  (114,68,3,14,3,"5486448623236","2024-04-07"),
  (115,64,28,14,2,"8138745236576","2021-06-09"),
  (116,78,48,4,2,"8844162221787","2021-12-10"),
  (117,19,32,12,2,"4839493489274","2023-06-20"),
  (118,33,12,14,2,"5771736355262","2022-03-29"),
  (119,25,4,10,2,"2836298997252","2024-02-29"),
  (120,34,37,17,1,"8318533821416","2024-01-14");
INSERT INTO PRESCRIPTIONS (ID,PATIENT_ID,PHYSICIAN_ID,PHARMACY_ID,PAYMENT_METHOD_ID,CODE,TRANSACTION_DATE)
VALUES
  (121,15,46,2,3,"5667272838122","2022-07-04"),
  (122,15,12,16,1,"5666341636724","2021-09-22"),
  (123,26,20,9,2,"9235672149887","2022-05-10"),
  (124,37,46,6,3,"5934867284462","2022-09-30"),
  (125,54,27,12,2,"6473337233585","2023-05-30"),
  (126,67,1,2,3,"7378924767568","2023-10-22"),
  (127,35,3,6,2,"4462645374822","2022-06-04"),
  (128,23,4,4,2,"5541175872117","2022-04-01"),
  (129,4,22,18,1,"5667425523537","2024-02-20"),
  (130,54,1,6,3,"5443318327977","2024-01-12");
INSERT INTO PRESCRIPTIONS (ID,PATIENT_ID,PHYSICIAN_ID,PHARMACY_ID,PAYMENT_METHOD_ID,CODE,TRANSACTION_DATE)
VALUES
  (131,48,26,4,2,"6526747269953","2023-06-25"),
  (132,75,37,19,2,"4966855484646","2023-02-28"),
  (133,47,39,18,2,"8147519747847","2021-06-22"),
  (134,31,4,11,2,"3927121625229","2021-11-11"),
  (135,37,41,14,2,"2282354339883","2024-02-09"),
  (136,25,35,3,3,"4383424378343","2023-09-01"),
  (137,77,7,17,2,"3461641165678","2023-02-16"),
  (138,10,20,17,2,"7848981563525","2023-04-10"),
  (139,70,13,5,3,"3748238821622","2022-09-24"),
  (140,12,37,3,3,"2258453376574","2021-08-13");
INSERT INTO PRESCRIPTIONS (ID,PATIENT_ID,PHYSICIAN_ID,PHARMACY_ID,PAYMENT_METHOD_ID,CODE,TRANSACTION_DATE)
VALUES
  (141,56,31,19,3,"6153778228437","2023-02-27"),
  (142,49,24,9,1,"8688672821454","2023-08-19"),
  (143,45,18,11,2,"6667292943731","2023-01-16"),
  (144,39,16,18,2,"4331387784882","2023-03-11"),
  (145,64,37,9,2,"2766277236456","2022-10-11"),
  (146,35,18,15,2,"8928778186958","2023-07-12"),
  (147,18,27,7,3,"5778468467836","2023-02-14"),
  (148,27,35,6,3,"6482656996421","2022-09-06"),
  (149,66,17,8,3,"3428256323645","2024-03-18"),
  (150,36,42,12,3,"2835637854688","2021-11-25");
INSERT INTO PRESCRIPTIONS (ID,PATIENT_ID,PHYSICIAN_ID,PHARMACY_ID,PAYMENT_METHOD_ID,CODE,TRANSACTION_DATE)
VALUES
  (151,8,38,3,2,"4827464558726","2023-04-19"),
  (152,23,46,15,3,"2449964633871","2023-05-04"),
  (153,35,40,6,2,"8249468537855","2021-09-06"),
  (154,32,17,13,2,"2263281278623","2023-02-02"),
  (155,62,48,13,2,"4348881283364","2024-03-29"),
  (156,72,32,1,1,"2734716733933","2021-11-26"),
  (157,62,44,7,2,"6523212955583","2023-12-26"),
  (158,60,8,4,2,"7397732931827","2022-01-01"),
  (159,36,43,5,3,"3368776634228","2022-01-14"),
  (160,10,44,14,2,"9357333856729","2022-06-28");
INSERT INTO PRESCRIPTIONS (ID,PATIENT_ID,PHYSICIAN_ID,PHARMACY_ID,PAYMENT_METHOD_ID,CODE,TRANSACTION_DATE)
VALUES
  (161,63,43,11,2,"2366441627655","2023-05-10"),
  (162,4,31,9,1,"7823313546363","2022-05-22"),
  (163,69,13,12,3,"3823769582746","2024-02-02"),
  (164,44,45,14,1,"6646534285578","2024-03-08"),
  (165,52,35,11,3,"4573653364142","2023-08-13"),
  (166,6,6,1,2,"8766755284764","2023-11-23"),
  (167,38,23,10,2,"5489872262653","2022-04-30"),
  (168,36,40,18,1,"5732317684242","2022-08-18"),
  (169,20,27,10,3,"1842214815255","2022-04-02"),
  (170,21,15,17,2,"6291458471882","2021-11-07");
INSERT INTO PRESCRIPTIONS (ID,PATIENT_ID,PHYSICIAN_ID,PHARMACY_ID,PAYMENT_METHOD_ID,CODE,TRANSACTION_DATE)
VALUES
  (171,21,28,7,2,"2566676761224","2022-10-18"),
  (172,36,36,5,3,"5532348513573","2024-04-01"),
  (173,38,27,3,3,"3478275758437","2022-07-26"),
  (174,48,46,6,2,"8275763878878","2022-03-12"),
  (175,57,34,2,3,"7556537796323","2021-07-29"),
  (176,48,32,14,2,"3513212397635","2022-04-11"),
  (177,15,39,4,2,"6565123669587","2022-05-10"),
  (178,34,13,2,2,"2872662897226","2023-09-14"),
  (179,53,46,7,2,"6125562837679","2022-05-30"),
  (180,69,32,11,3,"8678558391527","2022-04-25");
INSERT INTO PRESCRIPTIONS (ID,PATIENT_ID,PHYSICIAN_ID,PHARMACY_ID,PAYMENT_METHOD_ID,CODE,TRANSACTION_DATE)
VALUES
  (181,14,6,1,3,"4123357771421","2021-06-08"),
  (182,2,25,19,2,"3424476566746","2023-08-11"),
  (183,6,40,4,2,"8668673514613","2022-02-02"),
  (184,33,49,20,1,"1313848273342","2024-02-21"),
  (185,17,37,9,2,"8747238247518","2022-04-01"),
  (186,28,42,17,3,"5822585313887","2022-06-04"),
  (187,73,18,13,3,"9311321638431","2023-07-02"),
  (188,54,4,8,2,"6652642239885","2023-06-06"),
  (189,77,12,15,1,"9475129454786","2022-08-20"),
  (190,8,33,6,2,"5833854778635","2021-11-01");
INSERT INTO PRESCRIPTIONS (ID,PATIENT_ID,PHYSICIAN_ID,PHARMACY_ID,PAYMENT_METHOD_ID,CODE,TRANSACTION_DATE)
VALUES
  (191,18,49,11,1,"4232338328826","2022-10-12"),
  (192,44,35,19,2,"6517212433758","2023-06-20"),
  (193,17,42,10,3,"6767525544726","2022-09-12"),
  (194,19,50,7,2,"2763933691732","2021-05-07"),
  (195,51,48,3,2,"8756336473669","2024-04-13"),
  (196,17,22,11,2,"6854618368137","2021-11-09"),
  (197,42,9,17,1,"3738276893255","2021-10-31"),
  (198,50,26,17,2,"1482235328575","2023-09-05"),
  (199,39,16,3,1,"9675896545645","2024-01-30"),
  (200,9,44,9,1,"7765455964483","2023-10-27");
INSERT INTO PRESCRIPTIONS (ID,PATIENT_ID,PHYSICIAN_ID,PHARMACY_ID,PAYMENT_METHOD_ID,CODE,TRANSACTION_DATE)
VALUES
  (201,26,43,1,1,"2633578431624","2021-05-11"),
  (202,40,47,11,3,"3256963333689","2022-11-09"),
  (203,18,43,15,2,"4731262463659","2022-07-31"),
  (204,55,45,18,2,"4515198572753","2022-06-28"),
  (205,68,10,5,2,"6877182256728","2021-12-16"),
  (206,77,32,8,1,"2574132364311","2022-11-21"),
  (207,31,50,3,2,"2228543444285","2022-02-28"),
  (208,75,27,8,2,"1848748342814","2021-06-06"),
  (209,72,44,7,2,"2488453883746","2024-01-22"),
  (210,37,1,13,2,"7214547823326","2023-05-26");
INSERT INTO PRESCRIPTIONS (ID,PATIENT_ID,PHYSICIAN_ID,PHARMACY_ID,PAYMENT_METHOD_ID,CODE,TRANSACTION_DATE)
VALUES
  (211,47,17,6,2,"6374213249449","2021-12-14"),
  (212,30,39,2,2,"9619838658332","2023-08-08"),
  (213,41,44,1,1,"5745267422724","2021-11-25"),
  (214,57,18,4,2,"6877654527333","2023-09-15"),
  (215,45,41,2,1,"5526572334382","2023-02-28"),
  (216,79,31,2,1,"5796734123262","2023-06-05"),
  (217,48,36,6,1,"2756798856998","2021-12-17"),
  (218,29,28,6,3,"5317112778383","2022-10-17"),
  (219,56,32,15,2,"5673432462576","2021-12-06"),
  (220,49,42,4,2,"1689877228866","2023-12-04");
INSERT INTO PRESCRIPTIONS (ID,PATIENT_ID,PHYSICIAN_ID,PHARMACY_ID,PAYMENT_METHOD_ID,CODE,TRANSACTION_DATE)
VALUES
  (221,4,36,10,3,"2387185625157","2023-06-22"),
  (222,2,11,5,3,"9568262738546","2021-08-06"),
  (223,42,49,13,2,"3873596427319","2021-11-30"),
  (224,43,38,17,2,"4989681963634","2021-12-25"),
  (225,59,5,12,2,"4833214254529","2022-01-04"),
  (226,14,20,1,2,"4746748761227","2022-11-22"),
  (227,20,19,17,1,"3974481526652","2022-04-22"),
  (228,18,25,3,2,"1413869554897","2022-02-12"),
  (229,45,21,9,1,"3672989441471","2023-03-31"),
  (230,14,32,5,2,"5744537377642","2022-08-17");
INSERT INTO PRESCRIPTIONS (ID,PATIENT_ID,PHYSICIAN_ID,PHARMACY_ID,PAYMENT_METHOD_ID,CODE,TRANSACTION_DATE)
VALUES
  (231,10,29,10,2,"1946554268812","2021-06-18"),
  (232,36,34,10,1,"3643782171167","2021-12-01"),
  (233,50,16,2,1,"8618428561568","2022-01-07"),
  (234,33,21,7,2,"4422672574197","2023-06-11"),
  (235,60,28,18,2,"1885749486728","2022-03-28"),
  (236,27,49,6,3,"7773366148993","2022-07-28"),
  (237,49,26,18,2,"7437263864912","2021-09-02"),
  (238,41,6,11,3,"6246236847838","2023-05-25"),
  (239,39,28,16,3,"5683876678246","2021-06-05"),
  (240,68,35,9,2,"5378346992116","2023-06-10");
INSERT INTO PRESCRIPTIONS (ID,PATIENT_ID,PHYSICIAN_ID,PHARMACY_ID,PAYMENT_METHOD_ID,CODE,TRANSACTION_DATE)
VALUES
  (241,23,47,7,2,"3482319952432","2022-09-23"),
  (242,55,16,4,2,"9862855272516","2024-01-21"),
  (243,61,16,13,1,"1135732255846","2024-01-28"),
  (244,2,33,2,2,"5158488769492","2022-05-21"),
  (245,50,18,16,3,"4646781785819","2021-05-03"),
  (246,11,15,20,2,"8336883137464","2024-02-21"),
  (247,69,2,19,3,"6466944855528","2023-10-01"),
  (248,40,31,14,2,"2473846974279","2021-05-07"),
  (249,11,47,4,2,"6482123543375","2021-05-21"),
  (250,34,24,4,1,"2573436826416","2021-09-11");
INSERT INTO PRESCRIPTIONS (ID,PATIENT_ID,PHYSICIAN_ID,PHARMACY_ID,PAYMENT_METHOD_ID,CODE,TRANSACTION_DATE)
VALUES
  (251,42,35,11,2,"8874124536557","2022-10-25"),
  (252,17,31,16,2,"4354365556427","2023-08-04"),
  (253,20,3,9,2,"5812523133675","2021-11-19"),
  (254,47,44,5,1,"7425496551624","2021-09-05"),
  (255,46,40,13,2,"9332877958847","2023-09-27"),
  (256,33,6,15,1,"8743751833324","2024-01-14"),
  (257,14,42,12,1,"2435398834568","2023-08-17"),
  (258,14,12,18,3,"6442225349489","2022-08-09"),
  (259,68,49,14,3,"8525863277822","2022-09-13"),
  (260,71,10,1,2,"3287686878472","2023-11-28");
INSERT INTO PRESCRIPTIONS (ID,PATIENT_ID,PHYSICIAN_ID,PHARMACY_ID,PAYMENT_METHOD_ID,CODE,TRANSACTION_DATE)
VALUES
  (261,34,27,2,2,"7128557456592","2022-04-23"),
  (262,19,40,8,1,"1417355258447","2023-11-09"),
  (263,7,28,1,2,"8773426633568","2024-01-07"),
  (264,69,27,15,1,"3584373434444","2021-09-28"),
  (265,1,45,2,3,"3742628482342","2024-02-12"),
  (266,41,44,16,3,"2442738734338","2023-10-12"),
  (267,72,17,11,3,"5857388287343","2022-11-24"),
  (268,17,22,6,2,"7417314185742","2021-04-29"),
  (269,7,32,1,2,"1285789548571","2022-01-25"),
  (270,57,8,15,2,"3883791361348","2023-09-17");
INSERT INTO PRESCRIPTIONS (ID,PATIENT_ID,PHYSICIAN_ID,PHARMACY_ID,PAYMENT_METHOD_ID,CODE,TRANSACTION_DATE)
VALUES
  (271,73,38,12,1,"1829321166716","2022-02-14"),
  (272,15,13,16,2,"8228265168372","2023-05-18"),
  (273,40,31,11,3,"5735872618656","2024-03-02"),
  (274,54,33,4,2,"3253367773367","2021-07-27"),
  (275,73,36,11,2,"7438548848636","2021-12-25"),
  (276,2,18,8,3,"5257547742472","2022-04-12"),
  (277,54,16,12,1,"8278272777627","2023-10-15"),
  (278,32,3,20,2,"2132463732596","2022-01-13"),
  (279,54,23,20,3,"4615326283371","2022-04-15"),
  (280,54,44,4,2,"5281328754277","2023-10-05");
INSERT INTO PRESCRIPTIONS (ID,PATIENT_ID,PHYSICIAN_ID,PHARMACY_ID,PAYMENT_METHOD_ID,CODE,TRANSACTION_DATE)
VALUES
  (281,67,2,7,2,"8482489667668","2024-04-18"),
  (282,80,37,20,2,"5513555466524","2023-05-22"),
  (283,19,18,12,2,"7484426481343","2023-01-30"),
  (284,58,34,2,3,"4817662227334","2022-01-28"),
  (285,57,2,12,2,"5833851915851","2023-05-18"),
  (286,52,11,17,1,"6589936985482","2022-12-05"),
  (287,31,34,3,2,"8956463518247","2022-12-05"),
  (288,48,43,16,1,"2515443845566","2022-04-08"),
  (289,36,9,17,3,"6274229529728","2022-05-06"),
  (290,3,28,12,3,"2882216267146","2022-05-29");
INSERT INTO PRESCRIPTIONS (ID,PATIENT_ID,PHYSICIAN_ID,PHARMACY_ID,PAYMENT_METHOD_ID,CODE,TRANSACTION_DATE)
VALUES
  (291,61,33,14,2,"9967325594128","2021-05-04"),
  (292,6,36,14,2,"1331137515569","2024-02-15"),
  (293,24,19,12,2,"8748348556413","2022-02-04"),
  (294,51,23,7,3,"6516497646356","2022-03-25"),
  (295,53,9,19,3,"4974479365132","2021-09-25"),
  (296,55,43,3,3,"8916659835893","2021-07-15"),
  (297,9,9,7,3,"2733726618815","2022-01-07"),
  (298,26,37,16,2,"2886138279449","2022-04-18"),
  (299,5,42,8,1,"3533325757651","2023-02-06"),
  (300,22,12,12,2,"5838288665756","2023-10-03");
INSERT INTO PRESCRIPTIONS (ID,PATIENT_ID,PHYSICIAN_ID,PHARMACY_ID,PAYMENT_METHOD_ID,CODE,TRANSACTION_DATE)
VALUES
  (301,27,49,4,2,"8326793687873","2022-03-04"),
  (302,37,42,11,2,"1474187348271","2021-06-27"),
  (303,6,39,13,2,"7762976284876","2023-02-02"),
  (304,67,18,7,2,"6247831633965","2021-10-06"),
  (305,19,21,9,3,"2535278632535","2021-12-13"),
  (306,78,20,5,3,"5285117765683","2022-12-23"),
  (307,66,34,14,2,"3578823689195","2022-08-31"),
  (308,16,44,16,2,"8264987296877","2022-07-19"),
  (309,52,48,8,2,"7646662629868","2023-04-06"),
  (310,25,15,9,1,"2441653732194","2023-07-05");
INSERT INTO PRESCRIPTIONS (ID,PATIENT_ID,PHYSICIAN_ID,PHARMACY_ID,PAYMENT_METHOD_ID,CODE,TRANSACTION_DATE)
VALUES
  (311,5,5,3,1,"8852593277848","2023-07-28"),
  (312,12,33,10,3,"4134362585252","2021-09-28"),
  (313,5,9,7,2,"5584127854786","2021-06-13"),
  (314,59,47,8,2,"8758687158162","2022-11-30"),
  (315,73,5,8,1,"1441225776858","2023-12-11"),
  (316,50,17,10,2,"8863512818791","2023-11-28"),
  (317,14,48,11,2,"3934466742338","2022-06-11"),
  (318,74,11,15,2,"5763319143677","2021-12-10"),
  (319,33,13,20,1,"2284277537484","2022-08-21"),
  (320,61,30,9,1,"6583797675262","2022-12-29");
INSERT INTO PRESCRIPTIONS (ID,PATIENT_ID,PHYSICIAN_ID,PHARMACY_ID,PAYMENT_METHOD_ID,CODE,TRANSACTION_DATE)
VALUES
  (321,77,43,19,2,"1164568319365","2023-03-09"),
  (322,2,42,12,1,"7979232531426","2023-06-07"),
  (323,50,47,7,1,"5687435882165","2022-12-23"),
  (324,63,21,6,2,"4877241478512","2022-01-12"),
  (325,53,32,8,1,"6366578485525","2023-12-30"),
  (326,3,5,6,2,"2935184715946","2022-07-24"),
  (327,52,2,11,3,"6535622855616","2024-02-14"),
  (328,45,12,5,3,"7553613689751","2023-03-28"),
  (329,19,6,15,1,"3772965766742","2022-07-03"),
  (330,2,28,10,1,"1685223294895","2022-02-26");
INSERT INTO PRESCRIPTIONS (ID,PATIENT_ID,PHYSICIAN_ID,PHARMACY_ID,PAYMENT_METHOD_ID,CODE,TRANSACTION_DATE)
VALUES
  (331,9,37,19,1,"3264773268434","2022-01-16"),
  (332,74,15,5,2,"6857153568227","2023-06-27"),
  (333,2,43,14,1,"8347763556567","2021-06-13"),
  (334,36,35,8,3,"5865526965375","2021-06-29"),
  (335,4,2,18,2,"7974357772591","2022-09-22"),
  (336,54,5,15,3,"6844123816559","2021-05-18"),
  (337,7,3,6,2,"6926322257663","2022-09-19"),
  (338,2,29,19,3,"7523664718563","2024-02-19"),
  (339,32,27,14,2,"2655362523752","2024-01-21"),
  (340,46,19,13,2,"7784785557734","2023-08-28");
INSERT INTO PRESCRIPTIONS (ID,PATIENT_ID,PHYSICIAN_ID,PHARMACY_ID,PAYMENT_METHOD_ID,CODE,TRANSACTION_DATE)
VALUES
  (341,59,2,5,2,"5311886279888","2022-08-16"),
  (342,2,8,14,2,"7329755744184","2022-08-01"),
  (343,64,5,14,2,"8726123344122","2022-09-18"),
  (344,18,44,20,2,"3633576549394","2023-03-28"),
  (345,7,45,11,1,"3557558883151","2022-09-29"),
  (346,3,39,2,3,"7924563718496","2022-09-07"),
  (347,31,16,18,2,"5976316382798","2022-07-02"),
  (348,55,5,19,2,"7362753455228","2021-11-10"),
  (349,63,17,1,2,"1523121289742","2022-01-02"),
  (350,49,41,9,1,"5992235972358","2023-12-29");
INSERT INTO PRESCRIPTIONS (ID,PATIENT_ID,PHYSICIAN_ID,PHARMACY_ID,PAYMENT_METHOD_ID,CODE,TRANSACTION_DATE)
VALUES
  (351,42,41,1,3,"1344773643656","2022-05-22"),
  (352,46,38,14,1,"2819893988388","2022-02-22"),
  (353,33,17,2,3,"4544623121242","2023-07-19"),
  (354,49,11,16,2,"6455839444936","2024-01-25"),
  (355,55,41,17,3,"8336778184139","2023-10-21"),
  (356,32,43,19,1,"4823259187347","2021-12-26"),
  (357,79,33,7,2,"8746537488464","2023-11-19"),
  (358,38,41,19,2,"3775772781365","2022-11-13"),
  (359,53,23,9,2,"1816752975569","2022-06-30"),
  (360,31,35,12,3,"1581628121158","2023-08-30");
INSERT INTO PRESCRIPTIONS (ID,PATIENT_ID,PHYSICIAN_ID,PHARMACY_ID,PAYMENT_METHOD_ID,CODE,TRANSACTION_DATE)
VALUES
  (361,40,47,7,3,"2228433656552","2023-06-22"),
  (362,53,22,10,2,"7457526553865","2021-09-04"),
  (363,60,35,5,3,"6533626666225","2022-04-05"),
  (364,1,40,13,3,"8772347494428","2024-04-13"),
  (365,8,49,7,1,"7459267417486","2022-01-26"),
  (366,23,34,18,2,"5135969133856","2023-11-17"),
  (367,75,6,2,1,"4326162654256","2021-07-27"),
  (368,49,11,17,2,"5736368275589","2021-05-28"),
  (369,34,29,15,3,"6832241795868","2021-05-02"),
  (370,31,1,6,2,"6587148987756","2021-09-20");
INSERT INTO PRESCRIPTIONS (ID,PATIENT_ID,PHYSICIAN_ID,PHARMACY_ID,PAYMENT_METHOD_ID,CODE,TRANSACTION_DATE)
VALUES
  (371,35,21,13,1,"6376519828278","2021-07-01"),
  (372,27,21,16,1,"8235672823222","2022-09-10"),
  (373,39,10,12,2,"9164369561782","2021-06-20"),
  (374,62,3,4,2,"8423352671375","2023-10-12"),
  (375,2,23,7,3,"8854764122512","2024-02-18"),
  (376,51,48,18,2,"3552624558577","2023-03-04"),
  (377,10,44,6,2,"8855144937694","2024-02-17"),
  (378,6,12,11,3,"8781767458164","2022-05-20"),
  (379,11,7,3,1,"5343768756834","2021-11-24"),
  (380,14,10,18,2,"1767638358485","2022-03-03");
INSERT INTO PRESCRIPTIONS (ID,PATIENT_ID,PHYSICIAN_ID,PHARMACY_ID,PAYMENT_METHOD_ID,CODE,TRANSACTION_DATE)
VALUES
  (381,13,41,1,2,"7766877257558","2021-07-27"),
  (382,6,13,15,2,"6524731923722","2024-02-19"),
  (383,44,5,6,2,"8439645945466","2021-08-26"),
  (384,37,21,19,1,"6825854446899","2023-11-29"),
  (385,67,10,18,1,"6116598326296","2023-11-14"),
  (386,46,28,10,3,"5275384445787","2023-11-15"),
  (387,62,21,16,1,"3625267868378","2022-02-23"),
  (388,30,15,17,1,"5894283817923","2022-10-27"),
  (389,16,38,15,2,"7324763124284","2023-03-27"),
  (390,12,29,16,1,"7226333835321","2022-09-07");
INSERT INTO PRESCRIPTIONS (ID,PATIENT_ID,PHYSICIAN_ID,PHARMACY_ID,PAYMENT_METHOD_ID,CODE,TRANSACTION_DATE)
VALUES
  (391,38,45,10,3,"3455714913652","2023-02-20"),
  (392,32,40,11,2,"8943232627266","2022-05-05"),
  (393,18,46,4,2,"1765598722895","2021-05-29"),
  (394,72,16,6,2,"5856163245325","2022-12-13"),
  (395,33,7,16,1,"7863762748157","2023-11-13"),
  (396,25,12,16,1,"6224751734863","2022-09-13"),
  (397,51,32,11,2,"3673414452941","2022-12-04"),
  (398,34,17,18,2,"2971521395844","2021-09-28"),
  (399,50,36,4,1,"6445555677713","2023-04-19"),
  (400,2,8,2,2,"3381177954257","2021-11-21");
INSERT INTO PRESCRIPTIONS (ID,PATIENT_ID,PHYSICIAN_ID,PHARMACY_ID,PAYMENT_METHOD_ID,CODE,TRANSACTION_DATE)
VALUES
  (401,55,40,16,2,"1592571332643","2022-02-02"),
  (402,30,43,10,1,"7123225676859","2023-12-31"),
  (403,75,32,3,2,"2824287682448","2023-12-28"),
  (404,20,48,14,1,"3128272438742","2021-06-28"),
  (405,62,32,19,3,"1254583428233","2023-02-16"),
  (406,65,18,4,1,"1554937726551","2023-04-22"),
  (407,46,32,12,2,"3895276342922","2021-06-10"),
  (408,66,27,6,2,"9281753356666","2021-07-28"),
  (409,2,12,13,3,"7776631217662","2022-03-31"),
  (410,37,40,5,2,"7842122635776","2022-07-25");
INSERT INTO PRESCRIPTIONS (ID,PATIENT_ID,PHYSICIAN_ID,PHARMACY_ID,PAYMENT_METHOD_ID,CODE,TRANSACTION_DATE)
VALUES
  (411,74,19,13,1,"3468366826561","2023-12-23"),
  (412,47,30,14,2,"4938651338814","2023-07-22"),
  (413,21,48,7,3,"2642846833393","2022-08-11"),
  (414,7,4,17,1,"2564854342827","2022-07-31"),
  (415,65,24,8,3,"7624858483238","2024-03-06"),
  (416,68,29,2,2,"9753446543633","2024-03-09"),
  (417,68,27,12,2,"4467548586845","2021-12-24"),
  (418,24,5,14,2,"8555363696844","2024-04-01"),
  (419,17,22,3,3,"7381588226865","2023-02-09"),
  (420,15,28,17,2,"1295385531555","2021-09-03");
INSERT INTO PRESCRIPTIONS (ID,PATIENT_ID,PHYSICIAN_ID,PHARMACY_ID,PAYMENT_METHOD_ID,CODE,TRANSACTION_DATE)
VALUES
  (421,56,31,9,1,"3767736528636","2022-08-25"),
  (422,14,15,13,2,"6663716276862","2022-03-06"),
  (423,69,45,13,2,"8318121468922","2024-03-12"),
  (424,62,37,6,3,"8811532753598","2022-12-16"),
  (425,63,22,8,2,"9315463728667","2023-08-16"),
  (426,16,39,5,2,"2436265296659","2024-04-07"),
  (427,27,40,4,2,"4799183373726","2021-11-19"),
  (428,35,41,19,3,"4538473353682","2022-12-19"),
  (429,15,32,17,2,"7914314238194","2022-06-22"),
  (430,25,5,18,1,"6874728582567","2023-06-09");
INSERT INTO PRESCRIPTIONS (ID,PATIENT_ID,PHYSICIAN_ID,PHARMACY_ID,PAYMENT_METHOD_ID,CODE,TRANSACTION_DATE)
VALUES
  (431,75,17,14,1,"9722171688963","2022-12-29"),
  (432,47,45,14,1,"5354885456887","2021-12-24"),
  (433,68,13,14,2,"2532815614262","2022-05-29"),
  (434,31,39,14,2,"4349142572244","2022-06-15"),
  (435,78,41,2,3,"7187332434888","2021-11-10"),
  (436,30,33,17,3,"8162653497448","2022-05-02"),
  (437,3,3,11,2,"9448233564278","2022-05-30"),
  (438,10,10,19,3,"6431615352787","2023-09-04"),
  (439,50,17,4,3,"5333682456677","2024-01-19"),
  (440,6,38,3,1,"7928842246136","2024-02-27");
INSERT INTO PRESCRIPTIONS (ID,PATIENT_ID,PHYSICIAN_ID,PHARMACY_ID,PAYMENT_METHOD_ID,CODE,TRANSACTION_DATE)
VALUES
  (441,62,30,1,3,"5471486761822","2023-05-03"),
  (442,70,13,12,2,"4236623982541","2024-03-19"),
  (443,66,10,6,1,"8158664398918","2023-10-31"),
  (444,50,2,19,1,"3415749745418","2022-12-11"),
  (445,62,30,16,2,"5381563745152","2023-06-12"),
  (446,76,44,12,3,"4732545733753","2022-01-16"),
  (447,69,16,5,3,"6466477936565","2022-12-17"),
  (448,17,6,15,1,"2618282246742","2023-05-11"),
  (449,12,19,6,2,"1427983764287","2023-11-21"),
  (450,4,18,11,2,"5113659311761","2021-09-29");
INSERT INTO PRESCRIPTIONS (ID,PATIENT_ID,PHYSICIAN_ID,PHARMACY_ID,PAYMENT_METHOD_ID,CODE,TRANSACTION_DATE)
VALUES
  (451,24,12,9,3,"3244637816784","2023-05-21"),
  (452,30,11,5,2,"7743146266632","2022-06-18"),
  (453,47,22,4,3,"8379973239252","2023-06-10"),
  (454,32,26,18,2,"8664549728877","2023-07-30"),
  (455,65,37,9,2,"5657421622559","2022-02-10"),
  (456,41,12,19,2,"8892835886852","2023-11-30"),
  (457,47,3,18,2,"9763234978442","2023-07-13"),
  (458,56,5,3,2,"3293742872528","2024-03-01"),
  (459,51,21,3,3,"8242694639599","2022-05-31"),
  (460,54,21,12,2,"1181155392572","2022-08-02");
INSERT INTO PRESCRIPTIONS (ID,PATIENT_ID,PHYSICIAN_ID,PHARMACY_ID,PAYMENT_METHOD_ID,CODE,TRANSACTION_DATE)
VALUES
  (461,9,48,18,2,"8642615273843","2023-04-26"),
  (462,60,2,8,1,"6835923324146","2023-07-05"),
  (463,67,18,1,3,"7257488279814","2022-02-12"),
  (464,78,32,13,2,"2857188825646","2022-05-19"),
  (465,12,25,7,2,"6656837843564","2024-02-21"),
  (466,62,34,7,3,"2668914647438","2021-10-02"),
  (467,17,11,13,1,"4256762664844","2023-09-17"),
  (468,70,48,7,2,"7826751758841","2021-11-26"),
  (469,8,3,19,2,"2272446953573","2024-01-10"),
  (470,71,13,16,2,"4726336245798","2021-10-17");
INSERT INTO PRESCRIPTIONS (ID,PATIENT_ID,PHYSICIAN_ID,PHARMACY_ID,PAYMENT_METHOD_ID,CODE,TRANSACTION_DATE)
VALUES
  (471,48,20,12,2,"3746138884797","2022-07-01"),
  (472,44,40,11,3,"4444853687245","2022-05-09"),
  (473,10,26,12,3,"7824591211868","2023-07-28"),
  (474,36,36,9,3,"9447235667933","2021-06-23"),
  (475,50,42,7,3,"4356738643875","2022-03-28"),
  (476,28,9,8,2,"6523457585856","2023-02-23"),
  (477,55,11,4,2,"5855324667473","2022-05-06"),
  (478,67,48,12,2,"6581872844353","2023-01-07"),
  (479,57,16,9,2,"7416475725834","2021-12-07"),
  (480,25,40,6,3,"5753994138637","2022-04-24");
INSERT INTO PRESCRIPTIONS (ID,PATIENT_ID,PHYSICIAN_ID,PHARMACY_ID,PAYMENT_METHOD_ID,CODE,TRANSACTION_DATE)
VALUES
  (481,50,24,15,3,"2446838646421","2024-01-05"),
  (482,51,46,3,3,"6734157227476","2023-04-21"),
  (483,66,24,13,2,"6345837165254","2023-01-29"),
  (484,38,40,15,2,"5767567816129","2021-08-14"),
  (485,59,7,14,2,"7645185423823","2022-12-09"),
  (486,38,40,12,2,"1355857972871","2023-01-29"),
  (487,73,5,9,2,"6846444987646","2022-02-01"),
  (488,13,21,7,2,"6255457445877","2021-06-04"),
  (489,56,4,5,2,"2234647383627","2022-05-02"),
  (490,80,5,17,1,"5371563634332","2023-12-13");
INSERT INTO PRESCRIPTIONS (ID,PATIENT_ID,PHYSICIAN_ID,PHARMACY_ID,PAYMENT_METHOD_ID,CODE,TRANSACTION_DATE)
VALUES
  (491,20,18,1,2,"4878928696234","2023-06-15"),
  (492,32,26,6,2,"4351386383222","2022-08-25"),
  (493,69,18,12,2,"8251285455547","2022-09-19"),
  (494,38,14,17,2,"6282437784599","2023-06-10"),
  (495,16,32,2,1,"4965283822513","2021-10-20"),
  (496,35,8,8,1,"5363442747673","2023-10-16"),
  (497,56,16,1,2,"7763475534579","2022-03-08"),
  (498,40,42,5,2,"2674758977566","2021-10-28"),
  (499,36,5,17,2,"7368928255466","2021-09-18"),
  (500,59,48,18,3,"4339388862865","2022-01-18");
  
  
  
  
INSERT INTO PRESCRIPTION_ITEMS (PRESCRIPTION_ID,DRUG_ID,QUANTITY)
VALUES
  (19,115,5),
  (370,130,2),
  (63,194,2),
  (314,87,3),
  (147,91,3),
  (146,67,3),
  (201,131,2),
  (348,46,3),
  (439,118,2),
  (213,162,3);
INSERT INTO PRESCRIPTION_ITEMS (PRESCRIPTION_ID,DRUG_ID,QUANTITY)
VALUES
  (184,30,1),
  (250,131,4),
  (355,80,2),
  (50,128,4),
  (334,96,3),
  (188,49,1),
  (325,47,3),
  (224,106,4),
  (290,8,4),
  (487,4,1);
INSERT INTO PRESCRIPTION_ITEMS (PRESCRIPTION_ID,DRUG_ID,QUANTITY)
VALUES
  (129,17,5),
  (63,132,3),
  (362,74,2),
  (76,126,2),
  (99,190,4),
  (102,119,2),
  (358,91,1),
  (252,51,2),
  (233,102,3),
  (259,71,3);
INSERT INTO PRESCRIPTION_ITEMS (PRESCRIPTION_ID,DRUG_ID,QUANTITY)
VALUES
  (375,51,4),
  (210,142,3),
  (179,189,3),
  (18,192,3),
  (414,193,4),
  (173,134,2),
  (289,128,2),
  (445,6,2),
  (94,79,3),
  (282,8,3);
INSERT INTO PRESCRIPTION_ITEMS (PRESCRIPTION_ID,DRUG_ID,QUANTITY)
VALUES
  (170,30,2),
  (369,58,3),
  (472,3,2),
  (50,107,1),
  (145,82,2),
  (205,79,5),
  (348,91,3),
  (115,78,1),
  (341,69,4),
  (429,65,3);
INSERT INTO PRESCRIPTION_ITEMS (PRESCRIPTION_ID,DRUG_ID,QUANTITY)
VALUES
  (116,159,3),
  (344,58,2),
  (190,160,4),
  (76,112,2),
  (393,163,1),
  (33,162,4),
  (486,87,1),
  (389,80,4),
  (330,125,3),
  (48,12,4);
INSERT INTO PRESCRIPTION_ITEMS (PRESCRIPTION_ID,DRUG_ID,QUANTITY)
VALUES
  (164,107,4),
  (101,4,2),
  (478,16,1),
  (392,64,5),
  (446,110,1),
  (460,19,2),
  (289,35,4),
  (413,31,2),
  (348,62,4),
  (30,131,4);
INSERT INTO PRESCRIPTION_ITEMS (PRESCRIPTION_ID,DRUG_ID,QUANTITY)
VALUES
  (359,58,2),
  (204,102,1),
  (438,82,5),
  (200,30,3),
  (393,90,5),
  (421,198,1),
  (405,132,1),
  (381,177,1),
  (52,20,2),
  (41,61,2);
INSERT INTO PRESCRIPTION_ITEMS (PRESCRIPTION_ID,DRUG_ID,QUANTITY)
VALUES
  (309,128,3),
  (228,64,2),
  (85,177,5),
  (175,41,2),
  (388,130,2),
  (395,24,2),
  (353,91,2),
  (235,65,5),
  (254,198,3),
  (240,144,5);
INSERT INTO PRESCRIPTION_ITEMS (PRESCRIPTION_ID,DRUG_ID,QUANTITY)
VALUES
  (392,161,3),
  (343,153,3),
  (390,61,4),
  (113,91,3),
  (322,70,1),
  (417,54,5),
  (193,5,5),
  (418,191,4),
  (470,188,4),
  (288,14,4);
INSERT INTO PRESCRIPTION_ITEMS (PRESCRIPTION_ID,DRUG_ID,QUANTITY)
VALUES
  (497,143,5),
  (402,7,4),
  (385,138,4),
  (446,116,1),
  (436,20,3),
  (111,157,4),
  (440,41,3),
  (313,88,3),
  (230,184,5),
  (155,46,4);
INSERT INTO PRESCRIPTION_ITEMS (PRESCRIPTION_ID,DRUG_ID,QUANTITY)
VALUES
  (263,185,1),
  (159,4,1),
  (390,164,3),
  (75,33,2),
  (28,170,5),
  (139,18,5),
  (243,23,3),
  (233,19,3),
  (420,183,3),
  (173,6,4);
INSERT INTO PRESCRIPTION_ITEMS (PRESCRIPTION_ID,DRUG_ID,QUANTITY)
VALUES
  (432,31,2),
  (229,187,3),
  (92,69,2),
  (47,67,2),
  (231,186,2),
  (5,23,2),
  (394,138,2),
  (153,10,2),
  (421,16,2),
  (200,112,4);
INSERT INTO PRESCRIPTION_ITEMS (PRESCRIPTION_ID,DRUG_ID,QUANTITY)
VALUES
  (123,153,2),
  (83,84,1),
  (14,93,2),
  (383,22,4),
  (154,105,1),
  (221,139,4),
  (430,189,2),
  (63,47,3),
  (365,33,2),
  (22,150,2);
INSERT INTO PRESCRIPTION_ITEMS (PRESCRIPTION_ID,DRUG_ID,QUANTITY)
VALUES
  (77,117,2),
  (423,64,1),
  (118,163,3),
  (365,152,3),
  (495,76,3),
  (223,196,2),
  (207,144,3),
  (106,136,2),
  (402,125,5),
  (292,151,5);
INSERT INTO PRESCRIPTION_ITEMS (PRESCRIPTION_ID,DRUG_ID,QUANTITY)
VALUES
  (213,111,3),
  (66,121,4),
  (475,95,1),
  (222,13,5),
  (181,13,3),
  (109,186,4),
  (376,135,1),
  (340,127,1),
  (150,44,5),
  (49,152,2);
INSERT INTO PRESCRIPTION_ITEMS (PRESCRIPTION_ID,DRUG_ID,QUANTITY)
VALUES
  (321,1,1),
  (221,84,2),
  (17,18,2),
  (460,76,3),
  (188,89,2),
  (219,149,3),
  (165,115,4),
  (333,107,4),
  (69,116,1),
  (422,188,4);
INSERT INTO PRESCRIPTION_ITEMS (PRESCRIPTION_ID,DRUG_ID,QUANTITY)
VALUES
  (134,192,3),
  (84,160,4),
  (89,123,4),
  (383,87,3),
  (168,31,2),
  (371,135,2),
  (414,43,1),
  (433,103,3),
  (377,161,3),
  (155,5,2);
INSERT INTO PRESCRIPTION_ITEMS (PRESCRIPTION_ID,DRUG_ID,QUANTITY)
VALUES
  (148,70,1),
  (106,48,2),
  (132,185,1),
  (163,54,4),
  (159,80,1),
  (162,136,3),
  (58,46,5),
  (381,60,3),
  (354,85,4),
  (343,91,2);
INSERT INTO PRESCRIPTION_ITEMS (PRESCRIPTION_ID,DRUG_ID,QUANTITY)
VALUES
  (46,40,1),
  (64,119,2),
  (189,192,1),
  (98,89,2),
  (286,198,4),
  (214,89,4),
  (112,56,5),
  (430,164,2),
  (164,37,1),
  (322,195,1);
INSERT INTO PRESCRIPTION_ITEMS (PRESCRIPTION_ID,DRUG_ID,QUANTITY)
VALUES
  (298,53,2),
  (57,74,2),
  (247,164,4),
  (119,175,4),
  (106,2,2),
  (180,57,5),
  (112,25,2),
  (174,162,1),
  (262,5,1),
  (39,100,2);
INSERT INTO PRESCRIPTION_ITEMS (PRESCRIPTION_ID,DRUG_ID,QUANTITY)
VALUES
  (327,51,2),
  (161,107,1),
  (408,170,4),
  (91,71,5),
  (259,24,5),
  (377,62,1),
  (303,24,3),
  (216,6,2),
  (153,144,5),
  (372,76,4);
INSERT INTO PRESCRIPTION_ITEMS (PRESCRIPTION_ID,DRUG_ID,QUANTITY)
VALUES
  (470,196,5),
  (199,142,4),
  (81,82,2),
  (159,57,2),
  (381,10,4),
  (157,198,4),
  (491,182,2),
  (87,33,2),
  (148,157,2),
  (354,164,5);
INSERT INTO PRESCRIPTION_ITEMS (PRESCRIPTION_ID,DRUG_ID,QUANTITY)
VALUES
  (419,128,1),
  (93,129,1),
  (391,123,3),
  (494,200,4),
  (256,163,4),
  (201,118,1),
  (24,62,2),
  (217,77,1),
  (53,161,4),
  (245,107,2);
INSERT INTO PRESCRIPTION_ITEMS (PRESCRIPTION_ID,DRUG_ID,QUANTITY)
VALUES
  (391,57,3),
  (469,59,5),
  (117,124,5),
  (353,67,4),
  (37,193,5),
  (249,14,3),
  (395,59,4),
  (217,121,3),
  (140,75,1),
  (48,138,3);
INSERT INTO PRESCRIPTION_ITEMS (PRESCRIPTION_ID,DRUG_ID,QUANTITY)
VALUES
  (420,15,2),
  (400,27,3),
  (212,71,4),
  (305,39,4),
  (332,31,5),
  (409,139,5),
  (416,161,1),
  (210,197,4),
  (69,64,2),
  (439,172,3);
INSERT INTO PRESCRIPTION_ITEMS (PRESCRIPTION_ID,DRUG_ID,QUANTITY)
VALUES
  (198,96,3),
  (152,158,5),
  (441,163,3),
  (454,120,4),
  (67,194,5),
  (378,145,3),
  (98,163,5),
  (263,184,4),
  (420,75,3),
  (186,72,5);
INSERT INTO PRESCRIPTION_ITEMS (PRESCRIPTION_ID,DRUG_ID,QUANTITY)
VALUES
  (363,94,3),
  (113,47,4),
  (183,132,3),
  (294,31,3),
  (323,85,4),
  (352,192,3),
  (124,162,2),
  (130,129,1),
  (57,56,2),
  (265,172,2);
INSERT INTO PRESCRIPTION_ITEMS (PRESCRIPTION_ID,DRUG_ID,QUANTITY)
VALUES
  (98,152,3),
  (256,57,5),
  (489,181,4),
  (437,10,1),
  (91,19,2),
  (148,199,5),
  (113,123,2),
  (281,11,3),
  (34,129,5),
  (284,161,4);
INSERT INTO PRESCRIPTION_ITEMS (PRESCRIPTION_ID,DRUG_ID,QUANTITY)
VALUES
  (240,29,4),
  (450,89,3),
  (199,177,4),
  (485,157,4),
  (239,192,3),
  (286,195,4),
  (207,56,4),
  (475,164,1),
  (149,95,5),
  (448,10,1);
INSERT INTO PRESCRIPTION_ITEMS (PRESCRIPTION_ID,DRUG_ID,QUANTITY)
VALUES
  (99,148,2),
  (415,16,3),
  (169,132,2),
  (32,176,2),
  (341,67,3),
  (490,84,5),
  (454,49,3),
  (469,85,5),
  (260,168,5),
  (330,72,2);
INSERT INTO PRESCRIPTION_ITEMS (PRESCRIPTION_ID,DRUG_ID,QUANTITY)
VALUES
  (63,15,2),
  (38,191,2),
  (255,88,1),
  (3,30,4),
  (377,16,2),
  (182,13,3),
  (291,6,2),
  (246,103,2),
  (116,53,3),
  (454,159,2);
INSERT INTO PRESCRIPTION_ITEMS (PRESCRIPTION_ID,DRUG_ID,QUANTITY)
VALUES
  (460,32,3),
  (175,129,1),
  (11,166,3),
  (25,59,2),
  (116,196,1),
  (394,61,5),
  (418,94,3),
  (445,98,2),
  (467,70,3),
  (343,97,4);
INSERT INTO PRESCRIPTION_ITEMS (PRESCRIPTION_ID,DRUG_ID,QUANTITY)
VALUES
  (483,73,1),
  (250,38,2),
  (181,22,1),
  (10,146,4),
  (26,7,2),
  (194,70,2),
  (494,2,2),
  (111,117,3),
  (21,92,5),
  (236,177,2);
INSERT INTO PRESCRIPTION_ITEMS (PRESCRIPTION_ID,DRUG_ID,QUANTITY)
VALUES
  (200,188,5),
  (131,156,3),
  (46,168,1),
  (237,58,5),
  (309,129,1),
  (156,61,1),
  (321,177,4),
  (60,199,5),
  (122,155,3),
  (172,35,4);
INSERT INTO PRESCRIPTION_ITEMS (PRESCRIPTION_ID,DRUG_ID,QUANTITY)
VALUES
  (75,179,3),
  (183,116,5),
  (407,92,3),
  (371,59,3),
  (452,44,2),
  (285,32,2),
  (401,182,2),
  (21,159,1),
  (347,187,4),
  (261,158,2);
INSERT INTO PRESCRIPTION_ITEMS (PRESCRIPTION_ID,DRUG_ID,QUANTITY)
VALUES
  (359,99,1),
  (257,38,2),
  (288,33,5),
  (491,190,3),
  (283,103,2),
  (230,71,3),
  (131,144,3),
  (457,172,2),
  (404,109,4),
  (184,14,4);
INSERT INTO PRESCRIPTION_ITEMS (PRESCRIPTION_ID,DRUG_ID,QUANTITY)
VALUES
  (163,129,3),
  (260,16,3),
  (108,143,3),
  (52,13,3),
  (24,100,3),
  (447,112,4),
  (308,41,2),
  (97,195,5),
  (55,134,4),
  (284,115,2);
INSERT INTO PRESCRIPTION_ITEMS (PRESCRIPTION_ID,DRUG_ID,QUANTITY)
VALUES
  (281,3,3),
  (322,104,2),
  (114,177,1),
  (176,36,4),
  (239,117,2),
  (71,75,2),
  (466,29,4),
  (175,124,4),
  (61,63,2),
  (443,86,3);
INSERT INTO PRESCRIPTION_ITEMS (PRESCRIPTION_ID,DRUG_ID,QUANTITY)
VALUES
  (447,142,4),
  (290,101,3),
  (364,69,4),
  (329,147,2),
  (47,2,5),
  (86,146,5),
  (208,101,3),
  (357,199,5),
  (138,124,4),
  (256,119,2);
INSERT INTO PRESCRIPTION_ITEMS (PRESCRIPTION_ID,DRUG_ID,QUANTITY)
VALUES
  (305,67,4),
  (253,160,2),
  (232,55,2),
  (300,161,4),
  (459,143,5),
  (280,152,2),
  (205,39,1),
  (20,136,4),
  (78,105,4),
  (191,37,1);
INSERT INTO PRESCRIPTION_ITEMS (PRESCRIPTION_ID,DRUG_ID,QUANTITY)
VALUES
  (230,186,3),
  (489,78,2),
  (125,146,2),
  (223,116,2),
  (126,5,4),
  (214,103,1),
  (497,33,1),
  (466,136,1),
  (359,11,5),
  (314,22,3);
INSERT INTO PRESCRIPTION_ITEMS (PRESCRIPTION_ID,DRUG_ID,QUANTITY)
VALUES
  (408,119,3),
  (282,181,5),
  (315,82,1),
  (459,17,4),
  (199,197,5),
  (396,134,3),
  (141,95,2),
  (28,82,4),
  (134,191,4),
  (283,79,3);
INSERT INTO PRESCRIPTION_ITEMS (PRESCRIPTION_ID,DRUG_ID,QUANTITY)
VALUES
  (236,102,2),
  (225,146,2),
  (175,44,2),
  (306,25,3),
  (67,158,1),
  (382,171,4),
  (233,120,2),
  (14,9,2),
  (61,31,3),
  (16,4,1);
INSERT INTO PRESCRIPTION_ITEMS (PRESCRIPTION_ID,DRUG_ID,QUANTITY)
VALUES
  (315,111,4),
  (413,6,5),
  (44,45,1),
  (100,178,3),
  (374,165,4),
  (107,108,3),
  (278,11,3),
  (25,83,4),
  (10,54,5),
  (258,124,3);
INSERT INTO PRESCRIPTION_ITEMS (PRESCRIPTION_ID,DRUG_ID,QUANTITY)
VALUES
  (440,45,4),
  (215,92,2),
  (209,26,4),
  (7,63,4),
  (240,107,3),
  (172,28,2),
  (476,41,2),
  (175,178,2),
  (25,192,5),
  (230,19,3);
INSERT INTO PRESCRIPTION_ITEMS (PRESCRIPTION_ID,DRUG_ID,QUANTITY)
VALUES
  (348,195,5),
  (226,159,2),
  (60,53,5),
  (437,158,1),
  (142,74,4),
  (297,158,1),
  (30,13,4),
  (277,93,3),
  (458,154,5),
  (429,149,4);
